date,title,company,location,detail,sector,skill,link
N/A,Senior Data Scientist,Mobven,"Istanbul, Türkiye",On-site Full-time Associate,51-200 employees · IT Services and IT Consulting,"Data Visualization, Machine Learning, Natural Language Processing (NLP), Neuro-Linguistic Programming (NLP), and Relational Databases",https://www.linkedin.com/jobs/view/3936748171/?eBP=CwEAAAGQJuw2hvhnQJ2tlGhDUGCSWQEJfAAOS8f_VDzml5gwrQMA1ker2qJWBZUBB9Y1fo9uwqTj0rLLW-Ns2FCS1-nx_lqM4gTy50x_66SnySAJrpf2LoQNZnwGczXx4imiJuCTo0UVaRmERgA3skvfizE9rtj7Q51AUcjjFMmqds8NYMDVExJqKQJwokY2Jp4hBT1DMYAYaB0llY3lVAGuMUExp4aKGilJ2NEVCH1p8pBiQ4_KdFzbbGQlNzUrHM9Ou1jB1Xanawsr_8sLP66EV-nfnwl7EVjJSFFIP2_voACFVhRc_-Xy11qt2ilso9HB4-cODrAW--ulErp2tqXlsv7EMg0xRhpboXKAyiDu9Lnx8TP8s6AdfEtrixo-wV6JmUwqqOZeF0n3uXJhaN-QWC_O7sMjm0ZJ7RqV5jXHmfGCyOoZVt9bsC9KsOIFkPJuZ2W5lrSGAZGT56OGaRCOlGAwlSZ1Oegus-lFCLk&refId=%2FttAH%2FNl1BPOYMaN%2FAzBDA%3D%3D&trackingId=9VqLXU97s%2BM5m3%2FpRIqopA%3D%3D&trk=flagship3_search_srp_jobs
N/A,"Senior Data Scientist (Bangkok based, relocation provided)",Agoda,"İstanbul, Türkiye",Hybrid Full-time Mid-Senior level,"5,001-10,000 employees · Software Development","Apache Spark, Big Data, Computer Vision, Data Engineering, Data Science, Natural Language Processing (NLP), Pattern Recognition, PySpark, Recommender Systems, and Scala",https://www.linkedin.com/jobs/view/3924272430/?eBP=CwEAAAGQJuw2hkWeUjHYq0Apb3vuaSuTKu-u_qjXhtB6wEZoEu9EU3GD1Jbwlyi_9G1NEfUZ_rwv6u6tWgQRXkjb_LdbuBA6MAXBJzr-tjnYUSJbLWq8hjNT4qYeMFUlX6oIwUlbGosBxpwgzLag2hQ3tnhoqLJyusEOvPCbIeuS0Adz8_XDui26PBsSEfKzs7dhX4TKiGYWOHU5UXq6922eEm7fhg1T0CsI5DNKuKddj9IVViPd-LzM0EjnNE_crIuytr3ChaMeMe1LAqRHjv443OqhXKsEHG_tLX9J4aejFlo-WOWNPG3ZWH4PmpRrrqVGhv2RmkBeD3VrPSraBgtBv4JQBd45jy4vr-njfLXTGwRWohShlS9kbls-53EKjj1YACqGOtjTYEnoYfQJcT9NRzzKqFUvIshQfBO2EoDViIkwCjO8hz5vnzsRrr3y4gsul7EAbGtXSqKSYM4kUtRPrREzRgayERJcukOcKQ&refId=%2FttAH%2FNl1BPOYMaN%2FAzBDA%3D%3D&trackingId=Hhw0UUKE1xGQQ6GaL4MKRw%3D%3D&trk=flagship3_search_srp_jobs
N/A,Lead Research Scientist,Afiniti,"İstanbul, Türkiye",Remote Full-time Mid-Senior level,"1,001-5,000 employees · Software Development","Communication, Data Science, Julia (Programming Language), Language Modeling, Linear Programming, Pattern Recognition, Programming Languages, Python (Programming Language), Statistics, and Task Assignment",https://www.linkedin.com/jobs/view/3941599342/?eBP=CwEAAAGQJuw2hso_sbJLb7N-HITI9Dq3gqJ-L9XEzcJKtzXkXxAy7ypI1ybqaHNXRY-kfTUkyqS1j2iWV0C10Mtsvdm7PrbuzMrAkhKRnlynCfNCqxu8eA3a1K34BGpDbTewUe2s2ZltMV8iVv9K1HIwgTHqdLDU5KSUV-a-ADzn1ZAG0EPvWN1F5Be79hNF6eHfPb76k9kY-VbC917OVz7KylHRN3g7fJTrCg_7nKwqAGOXBttHPFifoDjVR4ScDqNF8_TajnoE8KMmgFxfZz-CfaoJZeO4MUxhY7QZIbdi-8x-8eeuVjCJMuWdtw-vNKaPxWHphJRB70PIhlFxVq6qIGoZXVDz8PdXqco-J6_O2f8nbTgwq1xDtVaHQ0C7_sbdoXaa9ldUoE5qZROHgT5XMvZ4VcSiFmPndUy2imNCi-jOWCaYh-yH-b6cuz9mh3e4qaex4HFTsb7P1bIy1tri-itqxccVkfPIcf2BKF7F&refId=%2FttAH%2FNl1BPOYMaN%2FAzBDA%3D%3D&trackingId=mTjcR9w7RF%2Bw4ublebyGHQ%3D%3D&trk=flagship3_search_srp_jobs
N/A,"Lead/ Staff Data Scientist (Bangkok based, relocation provided)",Agoda,"İstanbul, Türkiye",Hybrid Full-time Mid-Senior level,"5,001-10,000 employees · Software Development","Computer Vision, Data Engineering, Data Science, Image Processing, Natural Language Processing (NLP), Pattern Recognition, PySpark, Recommender Systems, Scala, and Statistics",https://www.linkedin.com/jobs/view/3736665751/?eBP=CwEAAAGQJuw2hyNLFsvENf03hAVfBrzk7Gb3l3gl2PXe3RGWYSQ7PE4pK82IJVoj2w6Ao0eJYDqbDOTUZqjg_qYO8OsJ5pSU2h-UZbrMnFXuEVWOzoUTlU3Yowno-IiTeJd7-OXNJIcuXCF7iQ8HI8ZwDMSYNzPhelTf2_HJdWC65eNrjSzCxW_0Jgal5XR2d8DXeJkSFRO2D6wt2dnBKRcJnoGwW5wuWXpu2Z5MH_ozPcrQsvtIEe6eVnfLxqPDRc-OkRRgg7TGaSX810KWRs6Abiflqedl8VCaZ9bmzJfceWsVjkqfyEJIJK9HcZb7syOs-bbXoXW2B93dLRBUBeSabAynpRejUZxo0rWC7dkrccKzSJPOAQ4CJl94xq5gnG7BBrMTwiH-UdOg4ztq50UAWUBCLJFDxzJt0e7MrSJI0-muE4wndhunyokFC67EHlBGOawVGEhGPsqlKVDlydoDn-05VRbZRTB3u2-hnw&refId=%2FttAH%2FNl1BPOYMaN%2FAzBDA%3D%3D&trackingId=IFYZXyMKKE4Uqwr8ayLQQQ%3D%3D&trk=flagship3_search_srp_jobs
N/A,N/A,N/A,N/A,N/A,N/A,N/A,N/A
N/A,Senior Data Scientist - AI and Data Science Expert,TEB Arf,"Istanbul, Türkiye",Hybrid Full-time Associate,201-500 employees · IT Services and IT Consulting,"Computer Science, Data Mining, Data Science, English, Optimization Techniques, Predictive Modeling, Python (Programming Language), SQL, Statistical Analysis, and Written Communication",https://www.linkedin.com/jobs/view/3943018827/?eBP=CwEAAAGQJuw2h9qT4pPNxwV208hcrU_ydpzHdLXEekiGy46GqyGsKftgC8PzNjDyg_kPlZwIrv4gzSERxow-zyLADfsJeEg3RISlPLa7lYuWvF12-vLZn27a1PBoWZ6m5IbmkJADmeCui_o-tb2qqXHELfmrok6EHh6qfRqmED3MndbOJ7eWZLetmTylS321_gi_tMC24HiPQTNKB2k0DLtJ7RT3pVCEMzVnEOxquL3VMi_PLCRvKeXhCrKmI9kuUMjFk2pudpST1SJyU-HmJ8TmUMRpQCIIT11evx5hM6VPQkqxdGNC62w2-wDs6xQDQhJwnyeCghaovLSqH-ubEfJ5W--UJBMZIaPl9txcfsFv8QkGpRhqkSegzNH7WQ3aN0iXgoES8FvEiWuXAgI0WoIzOqpH5_VQT3tyopoMduI44cfV0BagXLn2mimlilCatp-PQxv6EjxGkJ-AEBCBbokPiH3tOWdDZCmJV_72vfVp&refId=%2FttAH%2FNl1BPOYMaN%2FAzBDA%3D%3D&trackingId=AcK4X2nIAPRCXuPKh2JW2g%3D%3D&trk=flagship3_search_srp_jobs
N/A,Senior Data Scientist,ING Hubs Türkiye,"Istanbul, Türkiye",Hybrid Full-time Mid-Senior level,51-200 employees · IT Services and IT Consulting,Python (Programming Language),https://www.linkedin.com/jobs/view/3833636209/?eBP=CwEAAAGQJuw2h94sn3UXNh1vLHvb0vkwvrQnAYTB7BDKOzlaLNOZq1yzFsAXp3XMq78z2HWisvqw71YV4dxLBVYdAE57qHaFAst5RPMOG63UdCorXsRgfOI6qGdAeHspLdw9dhB0o3K7F3MaKyjjuOu33Q7QAiWr4frk-9QgoHFx9peaceMdhsxnKLmnVVZx2AxwBXFFCYwVHjJOVyyZUZIt33ddYNaxd_y1yWfpFYbo785EjsvHbJsFJYiWXk3X0CsprFYJ_u3Xd5uEPlqWp6YQVaYk-hhuupZFxGIpgkpGtt7paruj62Hfkn052xgrViP7uyPWM8ED_sQShPnFNaASiNHSspALt781aR0uR8e-EgwE2LZ_0FI26HgJ1EDm_VUhH-faahU3NbtN0VTiVMfD6S8TzmfQJb_SdoXfzVW2QwyNV3MtoEXKPR_3yXdXH21KsgxtG3FpFiQxaIzC-06SP8qIi-e14hsvajvQQvR_xXQ&refId=%2FttAH%2FNl1BPOYMaN%2FAzBDA%3D%3D&trackingId=xI55ES4eKAXSBZMKUbDxxA%3D%3D&trk=flagship3_search_srp_jobs
N/A,Senior Data Scientist,Yapı Kredi,"Istanbul, Türkiye",Hybrid Full-time Associate,"10,001+ employees · Banking","C#, C++, Data Modeling, DataStage, Dimensional Modeling, HBase, Java, Microsoft SQL Server, PL/SQL, and SQL",https://www.linkedin.com/jobs/view/3943959739/?eBP=CwEAAAGQJuw2h8ZHDUULoOoK70hcTecvk8swGfZFUuSKi0Jv-Woo-6NgiUStEMkWd1hFdnhEiODlRO9bGZ9DwfTsvk_j0qaHfZq_AAPLIIDPLARuaN2uv_vKUkStnHyEDa9BKC8THehml1yEcvARW5eO4LWX7iuzVoxaB3G0wa0YWI_i0cb5W1XOb-Ziyz-svCXKHJGuv5otlbb1wWkVF0J8wl-TZwNoeuhBnxO7qLndRfTBa16Ph0t428BzGiYn4favEeA25uK8RAmpoCZvN-qtUv8ntscGkOXPqr9MZwqi2_eFtNxeL9adCh-x7Jdr2yeCDixeuq0eV4iO-gwt5wLPyFpPQKE39zBKI9LNTdcEY4OpoHbYhwVfIItKugEZNDC3ZgxIL2KFyDdNx2NieNHAKKGNoEP4gkiM25zmuL_cf0XIu_lnNmkg8WShc3KcyoNjiiXDcOWyA2dmOt5kTd7mCA3JB_Jb1ugJ8GmQ2C77Exo&refId=%2FttAH%2FNl1BPOYMaN%2FAzBDA%3D%3D&trackingId=nSnfmSv%2F88t1ce%2FBNcDpWQ%3D%3D&trk=flagship3_search_srp_jobs
N/A,"Data Scientist (Bangkok based, Relocation provided)",Agoda,"İstanbul, Türkiye",Hybrid Full-time Mid-Senior level,"5,001-10,000 employees · Software Development","Apache Spark, Big Data, Computer Vision, Data Engineering, Data Science, Natural Language Processing (NLP), Pattern Recognition, PySpark, Recommender Systems, and Scala",https://www.linkedin.com/jobs/view/3945927536/?eBP=CwEAAAGQJuw2h9m7LAjid0upvLAAspRzvwD0xVEDVBevPWHd0dxzrOqo_V1_xW44zGhLJLgUi8TEifYiXFiOgvbrFjyKa0gRxXZdbe4Kk7oPUrc0Xw4UCGdkxRhevd3mu7sCW9kjjjOukT8RIredebYolBtury8YDSm8zaBpxN_K7SnP2XEw7dXj0jz93WiyOufk-MmP3RCkQiQs8vF4iIJsHWJsVE07F2ksS_pzhwLTJwHqqIiob8QswhW-uFZU9-LU8u9JQIzP1zA4nEEzsd8QI9TQ8m5wLXqWO5zpDIhkJhSept4N2rA8OC-7cocRkahoWlFjcTaE5bSD94gYiohVsYIxqLwt7ktSoQMj70gs6mCA45ZYgLAsS3CTPlYnPMi3LO36VUlm1AhAbQBD-Z7eQR1g_WffdYjhrylwroQ3JPlvX8MaD5wDSwhFrPNM4rcFtNUQp4j9uU4xzNTjHTJ3nMyK4ByY7-B1JUXH&refId=%2FttAH%2FNl1BPOYMaN%2FAzBDA%3D%3D&trackingId=6SJmgaI5vqFdJuutnviISw%3D%3D&trk=flagship3_search_srp_jobs
N/A,Data Scientist,beije,"Istanbul, Türkiye",Hybrid Full-time,11-50 employees,"Agile Methodologies, Data Analysis, Data Science, Methodology, Python (Programming Language), R (Programming Language), SQL, Startups, and Web3",https://www.linkedin.com/jobs/view/3926639605/?eBP=CwEAAAGQJuw2h8oas00CTNm5_Cx7jbVXHD1dAZlXi9RR7XLePIpZdgwDD4Gh1Ne78oQkN_gABrUjFa-bXPHkLNJY2snfbBtCSBdN3Yfg7p2lIq-N5TPXLD5xydKcQnkDHIDPz1-qJcGjxp9zMXGVNqvyC72ON6aDebA0w4MyzIXpJr6FoHSS0AOJsxiQeOJzOM9W3OsNqKX4VLIsNr7gPZ3XIn2mK_KY9gCut3nvvTNxoj9Wbn3FLqctjPbTxAen9MxF6M5_7ai0KNTXQYX2D7M3IjNiUq_YsLnd7aU-K8_rACHgfDRuknTQ8-FAJ13W7zV1RUQFiRbcQf3EY6Ezdcno0vl95V9w2YTjh4NEIYgXKkczNWSzD9I__vu_cAdvEk4DR9CkE-eCMONWgtJwv7WDSqfe8bip36LiWHVtyjr0eTZj0dIJu8Co5nHrKOu4tmP18wVkbzBqphGe-DLdypajsDWaK-H6P_ScyiREbKMOv2Qp5Uj2RN0Hj38Yk-6bd8a639w&refId=%2FttAH%2FNl1BPOYMaN%2FAzBDA%3D%3D&trackingId=PlxRcpBG%2B7UCWlVQSwf7dQ%3D%3D&trk=flagship3_search_srp_jobs
N/A,Senior Data Scientist,Bitexen,Greater Istanbul,Remote Full-time Associate,51-200 employees · Financial Services,"Data Analysis, Data Science, Python (Programming Language), R (Programming Language), and SQL",https://www.linkedin.com/jobs/view/3935679762/?eBP=CwEAAAGQJuw2h1m1L_cvrgoCr2LoZg12XppoKlWpfHROCMNSc9GFw_H_wxceMOhnwFGzEesM75UZTlXdgQTIFYUJ258qCp6VZUTTr4ob1wVR0j0dfZybkjGCSuH9P9qXnpifZC4PrB2LX0gAo1W61l2qzyoC6NuVpYrWXs6d8BRQQjlOLm2Upi05Y-Y4RZkp4yZqFWiDLTFrokytqy2ZaFgrnM85-J7BAKpX2TmtvEasOcdqH23gVqV_uynYqBwI7ll6lzF-pTRjpHjYaDynx90eMkhFZOvj6nbGX0i4c4APn63Urwv9P7Q8wuE71sfNS4qVnhKekownsnjhTvVahjoQ-DYzqzdW-Y_dg0kaLRvYGtOMmMKvsw-3iUwkhFyocSTdHoPWEmh_Rxa5cuGu3ENOSbRvk6ua6RGg3BF08RhoHr27pPyptx6zJidIJO1GJw6KJ-1RoJjE7DJTbWObqTnD6XWjMLo5Y-HKMWefkFCXSG8&refId=%2FttAH%2FNl1BPOYMaN%2FAzBDA%3D%3D&trackingId=h9cRmHvsMOJt2HO%2Bs7ZC3A%3D%3D&trk=flagship3_search_srp_jobs
N/A,"Senior Data Scientist - Discovery (İstanbul, Ankara, İzmir)",Trendyol Group,"Istanbul, Türkiye",Hybrid Full-time Associate,"5,001-10,000 employees · Technology, Information and Internet","Communication, Deep Learning, English, Moderating, Oral Communication, PyTorch, Python (Programming Language), Skill Development, Tech Savy, and TensorFlow",https://www.linkedin.com/jobs/view/3940339259/?eBP=CwEAAAGQJuw2hxU2DiKG9pXj6feuY8scH65Fpj8d-qM8-poxAqat6jX9ja91m1zkNeOOfn-Sp0Dz_-iKtVoh0XP4SVNRmyU1rzCINvm-6GORsMPBbMfkFcNbcFX2DJqI1UbswLFfb3rNGsANvo6e_F9PNGuklE3stnGA9b6bGXGrMWMudfhvISt2WfrdGl1biogzzD650Aj0XZLCRoZUFv4iI-zkqg6ii_WydIIUvLmGYx2RWWZUWEWyjL9ZW41WldfFrcXJc6yp3naI6iRcpNZrD6naFAshmgcqiXT_kYLTwx6of6W7VrkN9KepOvg51RtlSEpQln8mq6xwZQ85JYirdaol5HLGJAk7mcn0-YSTtvBWm8VK4prsDUXXRMOAfbhtO-8Mvz4bZCUECivRdTHyIuj7KFqEiXc-83fEqU51TCJ4uhfO44hCxJg4s-mBOkXBpt7nlDVcTWgWHxD8_CW2eY4yzSrZekYcmuRI3s28&refId=%2FttAH%2FNl1BPOYMaN%2FAzBDA%3D%3D&trackingId=YtKN0mFwhCHjGJfps7AbkQ%3D%3D&trk=flagship3_search_srp_jobs
N/A,Senior Data Scientist,OBSS,"Istanbul, Türkiye",Hybrid Full-time Mid-Senior level,"501-1,000 employees · Information Technology & Services","Analytics, Communication, Computer Science, Data Analytics, Data Science, Deep Learning, Predictive Analytics, Presales, Presentations, and Statistics",https://www.linkedin.com/jobs/view/3946639815/?eBP=CwEAAAGQJuw2h32H96fNWZIOlPmGUrNqgg_OgEQAzr6jHQBtkG59xjrR9EPb8n26EONxEuuT8SjygEbFMm7JUZ_lHQc4FIdRy7kcPSeZWZu8apAw7nt-sM9JRhN3eyBbiYxVTe1LMVwDgmGBzapkHoV4OjjaCMjNGk1sEZ9zbYB9SqxAL3F_oac9Iub-MATe1CZOvSW6Z7qEqzaCo2Q7cVOOkII2V6fIC4bk3Hk1UmP5Zv7vMT5I3hArHDRxGCx0EP9FGnKam92yaj8bAUBCkgg8-JCMp8bayeA5TJVKpV46EseZZYlW1YUPsFFSw-xVsObDRNDDb7ST3BS_hgkxXwPUXDP51A2s-4KcZgtff4uP_q8-o5jR17NWiMnZnZMRXNRBPYuYqxjg5muMHR11u7Zjd9CxY_e5wLS9x-Y58b-YVlAQ50jimbHyKA3-0K0JEgenCqSAIxxIx3jR78xwbowSWOW4TZ7eEbplWTb_jrAk3w&refId=%2FttAH%2FNl1BPOYMaN%2FAzBDA%3D%3D&trackingId=8QKZYWAF1pYZRwU2A8GzJA%3D%3D&trk=flagship3_search_srp_jobs
N/A,Biodiversity Scientist,ICM Group,"Istanbul, Türkiye",On-site Full-time Mid-Senior level,"501-1,000 employees · Oil and Gas",Biodiversity Conservation and Environmental Studies,https://www.linkedin.com/jobs/view/3948308601/?eBP=CwEAAAGQJuw2h2TT_JoMEHWMlx6Ik4ZGsA6TAxNeQr1HVv08Tlgz8i-E_OuGR6lWkAhEn7m59zqYU1M6EEQujH5VUV-cTSMZPpEd0BgSsE9Nde5zSoTkXKaHcbLil7b-0CYM6jXQNc-Li2eaExbBi-g8HOH-Rt9TyYqhzLU6dPH0vUiKrqLe85yhrepbfOqAbOQFKQ5Lt-iLkPLNbdsiZjq_azTjr4kraBhRjLPN-jEky2SbiWJ7tApLlkB5lTcvoGjBKl1woOj42cQ8D_ZEuDCqVTYLUQDgAk6Ax8RlLwrjy2cisEegYP3X7YL0B9e4ERuccqIVSU8oYj0Dafu0BX2J_-kdEQ96U1sF65YDFU04H0qD3R7z5la9rU6AspLMbzZpFFk_Zf1H-g2adbV1fhn118pzTMXnlonFzUOFvpXGWiZu6I9quGWHqqd18XKj0amIaLempwLvbbMw28Z2-TGnBIDxWt2rKroZViFsTjH-lus&refId=%2FttAH%2FNl1BPOYMaN%2FAzBDA%3D%3D&trackingId=kfOyHY2hEsTDSGN2rupJdA%3D%3D&trk=flagship3_search_srp_jobs
N/A,Associate Data Scientist,Metyis,"Istanbul, Istanbul, Türkiye",Full-time Mid-Senior level,"1,001-5,000 employees · Business Consulting and Services","Analytics, Communication, Data Science, English, Natural Language Processing (NLP), Predictive Analytics, Presentations, Problem Solving, Turkish, and Unstructured Data",https://www.linkedin.com/jobs/view/3909010645/?eBP=CwEAAAGQJuw2h_iv2i0ZCTRUkL6uvGlGd1azBfLUIi4X5hnwA8ba8HPgt2pU4VsZ436YMmnEOQvlyYZ0duXEMk1eu0ZsoejOb7ZZ8Ja2s53ee1LN8GF1dx-dSXhDq_zp-jbJiyxOM6PVWl2G1iJiU7EfKRSJRlID7xJsMVa-Dd3HUZwXWyjOa4WLaNYS9ZoQ8psRgjGsyYGE8DEzmVe0wY2ooTaQ0D-nFvkOvT1GXo4d-lstNfO21vmKPvC7-8AhI64Q6DyUr4JE_6PqVxKCp8cqH1uyGakCnOEVjluUgGvd_7qdNFN-q4rNLiRdBeE_BtMeEtJTbWlBLaR3ONKlX1ZqE5E1qMrpVM6xBCq4pED8ZZYRWKWfquE0K71AhbrQnZJrbjSXt9OpZBHZtHyAW13q22qNee-zTNViDEsOZVe31ajjREKryHYSEVaRU2OFquQAJUrwrRnMgQd4iBW4DVIih6XjwD8O7ubKkd6xT266&refId=%2FttAH%2FNl1BPOYMaN%2FAzBDA%3D%3D&trackingId=ogYELs35%2BHzl%2FBHYmPaCTw%3D%3D&trk=flagship3_search_srp_jobs
N/A,NLP Data Scientist,ING Hubs Türkiye,"Istanbul, Türkiye",Hybrid Full-time Associate,51-200 employees · IT Services and IT Consulting,"Chatbot Development, Generative AI, Information Retrieval, Large Language Models (LLM), and Natural Language Processing (NLP)",https://www.linkedin.com/jobs/view/3829396690/?eBP=CwEAAAGQJuw2h9J8PVW1sV4wE9dg0V0OgXdlTsPAfAFJeDQ0vN2bnLVO88QfodnojXzo5hv-zzKAiOT2YOJo43BJyHGo5YGK2-jrJoD_3KVkSkMAlht1I9zYOu8jdigeDmdabVv8J9-dDL1iGUYfOXm0DxNaTjTr1B7RHwx9FNO4RKpHhrIDpBmkzlR3UVqFLkrp3KgI4c4HomrJvy-fib-ggJG-Jy13fGDCs1b33vHpj9MEKK6wJYIljDEd3NxxAZB259Jn_--pjNDW92Id15IznjtAmBKLocQJMTASbv889rhNQPhuQaM7djgIpxmP9UrSDHPZH13DIaxf4dku9H6__wjZ7kD8wd_6dWFFc4inDtBF5hqyx15ZoCb-oeym4nbF8RNxt8CdDXQU6q8ZfCVYvG23n2qtAJhG860Ir86K3bMwC3qTJTjeyG10VL6drNBw1iZSNPpx3_y3gZrJdgjcqAawn0xrV_AhTNIdhA&refId=%2FttAH%2FNl1BPOYMaN%2FAzBDA%3D%3D&trackingId=aDqE70Q2NCOM4EK77TmfbQ%3D%3D&trk=flagship3_search_srp_jobs
N/A,Senior/Expert Data Scientist ,Innovance Consultancy,Türkiye,Remote Full-time Associate,"501-1,000 employees · IT Services and IT Consulting","Amazon Web Services (AWS), Data Modeling, Data Science, Machine Learning, Microsoft Azure, Python (Programming Language), R (Programming Language), SQL, Statistical Data Analysis, and Teamwork",https://www.linkedin.com/jobs/view/3938638535/?eBP=CwEAAAGQJuw2h5p4KmVZb2CTU6HdZTbTpL_KdJx_0NsxpbG2uLzv_uLvv_h1Vt29haZRU8AvxL-_f5Bd_nJnkPb5L93kZk0asiTuKqr9MeBqElxmQW7ilOPiwK0CBY8SuxXAsMag4TFC52GKYHawhOzOYuSkpjIlWLIZ2LlhoUL302qWC2wHZM5m2NO_NQU9dBAbS0iHADoyYvlgBndWK_BfJXzE4VNpEXEpEILvEBuaZGNbjFdx6qouqefA7IqLdwPOD8V7wAEpEl0HMba0ZayRbIrZMlHI8n6bDZogPFM4HBIBwwXODk1LVVwrBwICLdOMF82b2oNZRBZKOn4iR2HUE_ET3T8_se8Qqong2OR_q-kyHjX-hM75CiLsSQht0ciXTavBB5C1iGH3-o0Zs2Kc0rEikFQWSLGqmem28HW8rW8v0bPeW_gRcaIRLNgrupwi3Eaq7lbLY-TfaQuI7A_E0e4_8tx6v9kkewqhLQ&refId=%2FttAH%2FNl1BPOYMaN%2FAzBDA%3D%3D&trackingId=st3nrTChre5GgDdQ7ynZqg%3D%3D&trk=flagship3_search_srp_jobs
N/A,"Senior Data Scientist - Seller (İstanbul, Ankara, İzmir)",Trendyol Group,"Istanbul, Türkiye",Hybrid Full-time Mid-Senior level,"5,001-10,000 employees · Technology, Information and Internet","A/B Testing, Classification, Communication, Data Mining, Data Science, Deep Learning, E-Commerce, Mining, Regression Models, and Statistical Analysis",https://www.linkedin.com/jobs/view/3940337318/?eBP=CwEAAAGQJuw2h4p7wuS_k-FdTmTVbScNjuQpQ14YcthzhJX1-VKVJuatL57qbzB2Bls8cOMz2s9sjelZlql8KyLCNJuchn3-CmkFNjU4h-3qtflnFDjctWL3z2oRxdpr6A8agrtQNPPGmL7oWRjesL0LLjulCt8rU8SqdRitDgHvnP24tQrdOhmi2G81DVjMugrRZ1qXA79hfA6iuX1lP0ydoJF7afRLbv25mvhjDatwjdSE3FpC1PRyNjEP2iUa1OSQYCdnwaV7ho2fdH91Yzj4miHnE4Ib0889RdFyIpGPP3DBaELDKHyWtPM2frjBvdXK39swE2yfhWRnG03AiieZsbLSV7JvXXapGcqtT-zLH7UX2gnGVpCJi5qebwDOEDRFi4QEHfp47owIDG4RjM25BwRx5oIAfXoxsE8fhv0BqRmgI1qUjby-7nSQVr5O-yXlsPefyiZa9c6wn1JsZxbtSMUArrvlRdXtNvD0cXcuQg&refId=%2FttAH%2FNl1BPOYMaN%2FAzBDA%3D%3D&trackingId=C6SNyQJgQKEDaOGwMElCQg%3D%3D&trk=flagship3_search_srp_jobs
N/A,Senior Data Scientist,"PaneraTech, Inc.","Ankara, Ankara, Türkiye",Hybrid Full-time Mid-Senior level,"51-200 employees · Glass, Ceramics and Concrete Manufacturing","Analytical Skills, Artificial Intelligence (AI), Computer Science, Data Collection, Data Science, English, Natural Language Processing (NLP), Problem Solving, Python (Programming Language), and R (Programming Language)",https://www.linkedin.com/jobs/view/3891670137/?eBP=CwEAAAGQJuw2h6msRlT37L9hBXw4WIZegWA5O5DDnUV3AHyLCyPs7LbbPv3L_wERBt_G2tloZZegnhJKkHo17PifRXZdaejGRXmiO8Lzj0wKVdJDndTIRDCd9-goMMxUb6gVUBHVCRzrIhSQuX35Qy1XmT3SInrFHQe4oT1ETmm_zcltTg17yvBM_dYKdVAaTRMXPU7X4os_Ds7tkkA5ArB9grA_eqqOsvLZKMMdyXxwri8NYGT8UhgjlIGac9Fr_szYDGg0cDxeS11XNwPehRmPt6qCqMZYZf72k8sktXnXDgcHgUv3xYW8gDkcLHKBF1ade2tjLLY1j7mN6hutfT1OdIk6uzc2xqqSDWQmJ0Re8AzH-rY6B8Mk3TPPM6_fCQt8POAxJEFooQLk9isZ6VEswkPD0ul7OrG8NDY-5eQcw42gbgCGf7xrv7yL3G9-c7ezW5xezdEG2u2wjH4DQJ3DiKY&refId=%2FttAH%2FNl1BPOYMaN%2FAzBDA%3D%3D&trackingId=VYEVHg1ceovEM%2B7yY1TLlQ%3D%3D&trk=flagship3_search_srp_jobs
N/A,SENIOR DATA SCIENTIST,Turkcell,"Istanbul, Türkiye",Hybrid Full-time Associate,"5,001-10,000 employees · Telecommunications","Artificial Intelligence (AI), Data Analytics, Data Science, Data Visualization, ILE, Modeling, Predictive Analytics, Programming, Python (Programming Language), and SQL",https://www.linkedin.com/jobs/view/3943028582/?eBP=CwEAAAGQJuw2hxvOe4xWs-l7DsKznR9F7fWVpK_yaCEt4VX6-xb_IqmQtrZZZcQ4OK_zWfIocfniNsE9QiOLENdSjTeq9uv0RbBSFplhSzAZcH24YdrOfEaMoo4A7cR052wCHUzMBBHJN-b2NoIu5o0L2oXjCQ70fMT6Ax5rG8nwvQf9KdHnfr4t9xivNOSh3W3c1Qem81QI0asK88Hsytx61OjKzpy7K5tBr2e2x74GfyJcTqNQfeKdiyZR_dm1h8XEtL4F-UbVCHU052SfUfzGBjIAjrANrQLc7dA_ZGls4LNVCkYE6btwIU9lOmu4bZp3Xj7bIYEFVM0BtCuzZCAEAFO1AFIYLnR7-Rg7pvFr0YqoM_dbKyUtzcpYjj8fGZvFQfQ_JYKZyXEnG4oIvDejKju9C6X8kDiFnm7j2kpbBfRpqZqtUiZyVJOdpgvZOORn89_OJjEFy39bEIvPqSx9X00q6QzcI8rEIu5kqzeb&refId=%2FttAH%2FNl1BPOYMaN%2FAzBDA%3D%3D&trackingId=Ghn0XSiLXheP2v1zZdI7mA%3D%3D&trk=flagship3_search_srp_jobs
N/A,N/A,N/A,N/A,N/A,N/A,N/A,N/A
N/A,N/A,N/A,N/A,N/A,N/A,N/A,N/A
N/A,Senior Data Scientist (E-Ticaret),D&R,"Istanbul, Türkiye",Hybrid Full-time Associate,"1,001-5,000 employees · Retail","Data Analysis, Data Science, English, Hadoop, Machine Learning, Presentation Skills, Problem Solving, Python (Programming Language), SQL, and Sentiment Analysis",https://www.linkedin.com/jobs/view/3935065382/?eBP=CwEAAAGQJuw2iOeILrmpiB0xVA9Nu4JWyPWniPbdZsxlaF9eMiw3zQj4y3YZ7aOAGmv20S8GnjWwr0ifK-QW9dfe2v8c2AJrh0QWyUPV2cUkfP1HWpCLLZ4l-Dhn2v0LN3gghmwyvukx-rKRn8DJcmv4_5pqXuE-G8o_7NdLa2nVpICxL9g0lwm7JJglPt6UrOhftOcV-l-67vHKJTSwDkeY0YkQmqsdUznWB3zbWRXYQZCXM9RJ7XYa5CPHL7vkT-FEtZ7nvh-voQhQBvhCsdvDyojrwwsTjGXqK_5Y40mWs04KzC6YXqdT_VA5tiXR66A7jPB5Wirq4YiXnKpDKyxvkLz0ycdY00uQTwOFq7_ZFLBWTCQTnXsFz_DwzbE2x8zAQhxloWzepheVOGdXrrOmBOLpC4Amf7yudqmqVhCUbRVf_9e2A3pQUhFsLwCW1sWBrhqKl7JCac1i75HUzqZ5quBB0Vjdbb25q-lOh1cJFl0&refId=%2FttAH%2FNl1BPOYMaN%2FAzBDA%3D%3D&trackingId=FLDRPG45LcDFig1gUWoueg%3D%3D&trk=flagship3_search_srp_jobs
N/A,Data Scientist,Prometa AI,"Istanbul, Istanbul, Türkiye",Hybrid Full-time,1-10 employees,"Analytics, Communication, Data Analytics, Data Manipulation, Data Mining, Data Science, Data Visualization, Mathematics, R (Programming Language), and Unsupervised Learning",https://www.linkedin.com/jobs/view/3951414816/?eBP=CwEAAAGQJuw2iNadzLPXwdyORmgY9Uv2MxamWQaVP9EiFubR0Ceqt3-NcCV6oSTILsCQqfKcxpkvGr5a5DQHl8YXgUuj9yzOfJNDuO80bhMehKtFzg_m2jLWXGRg1X0FezUdq_SHeYyELKpbT1u3MzcKTWY4BcaL5GtvaO5LhqZuzzQKmQOVk8BXsLQAAK71XEjkCFCWR-mKr2nt99EILuyVkT1AEW3GDbiWrdL_CIpRBnuS6af0Zkmpyid5ozPoYHuU0Qo3ko0L9lLqSr7CHCp7k6HvXHMOSd6G9TuLbC9BuPNJ1sOvw9bSret3FLCUgeBmCqD-bEH0RVAihtqzZSemmcx5Bheu-OVNZMNlS-WmYoKDuzwywoSEjZqIG1LzQg45ZqI3-cmY1-BLuOYQLCDOKt79-IPwFoIDmLDy6A23HjjkhxYElr7mIhw6ZmxOk6EnMK5BeGfkSqgZXYFLolw-COJ3XL5mZS-tCrPvWj5JhWVIHOSYkVU1&refId=%2FttAH%2FNl1BPOYMaN%2FAzBDA%3D%3D&trackingId=3eoeiVpNSxtciODoX%2FtMag%3D%3D&trk=flagship3_search_srp_jobs
N/A,Senior Data Scientist,Koc Finansman A.S.,"Istanbul, Türkiye",Hybrid Full-time Associate,51-200 employees · Financial Services,"Analytics, Communication, Data Analysis, Data Collection, Data Mining, Data Science, Deep Learning, Machine Learning, Optimization, and Predictive Analytics",https://www.linkedin.com/jobs/view/3918880055/?eBP=CwEAAAGQJuw2iFMukAUilHEeetsWzT3l_OJOliVZOID5uUHlmt22NC-PPy-6AxZpVY_byK91h4m_yiQn04xxLI1kNPk5i8ZGLTpoJd84Ag-sopO4nyNHJZym-3gruePh6FpAZSQsEce0pXWFfFHqeJF1ClkvwBPC_09oK86EH-46tDy0DWiRRPo76mPqcqHajBewCRZb1Krk9GZ-mgywI55QdtnDNYRDFufIy_8ZgPsubno7JJqVmRz-82u9kCvc_6ilLGekXbhHrg9uqLEjP2XWJWGFveMqgalKGeG6Aeo-B5olhb0UIDkcqyU25wOOBdZ5pQgY3G-ZyMe-bcnoNibLEOKkIfB13KZvsKHAceUbzQHhysJQs-3tN3J-pQHu3hu_1ORylE7bYBIBrp8JoiW2qcjgPCARv8JLf9Jk8zJExjzkVBvoHvPTZGl5OBqP4vwcTWVR_FonUU9B0An2JTIzkIhFeck814g3GMHXY5jbbWM&refId=%2FttAH%2FNl1BPOYMaN%2FAzBDA%3D%3D&trackingId=5elyD3%2Bnq15ON87Ez5KbKA%3D%3D&trk=flagship3_search_srp_jobs
N/A,Senior Data Scientist,LC Waikiki,"Istanbul, Türkiye",Hybrid Full-time Associate,"10,001+ employees · Retail","Continuous Integration and Continuous Delivery (CI/CD), Data Analysis, Data Modeling, Data Science, Python (Programming Language), SQL, and Stakeholder Management",https://www.linkedin.com/jobs/view/3918141299/?eBP=CwEAAAGQJuw8T9NLeT8VQHSdk39YRcnVYlSB5PQE4G2NT2_6tnVjiAxbhVbBzzxs35UAF0Hactzwyvi8H-lHccZ941S28OQXwjPhmdLfEwwjhhh5uHICFabYCr_GsESA-0yUevjFMybH80M_ai-RDSFVJsXlNg35sZ1hJ-xJZ8NIcch8qN4oDnmbhwgkd21i2ohkhTehFZwGHAWbEAq1YwJVJXxUO36_nSr4til5xhQYcnqax1gFR8q54GENcVH-SH9l9Xpng8pXf7e01LwDXsduqNF0QyOxQzX2Me-kEvKhLLAlxqwaM1A6ebIAXaFhqPy-7N8gGSlrEIJGVgPaiXYWgqlmqabDMApFgjKHYYgOVRHXOw_smQBjVk9fy5GwuAZ0FSLVOjpy2FfhjoMHEk4ho9Hm0MNoqPeN-R2zxQ1a_QFTS6eFpT__GEfqig3XkhpuNJ3Ai-ujVNpLx07-I-iYsil--SsVzAgA&refId=0Db0dfA27Aj7%2BcBm8WMHgQ%3D%3D&trackingId=8nHRzcTmDHWlHAEpKiH5wQ%3D%3D&trk=flagship3_search_srp_jobs
N/A,Data Scientist,Yves Rocher Türkiye,"Istanbul, Istanbul, Türkiye",Hybrid Full-time Associate,"1,001-5,000 employees · Personal Care Product Manufacturing","Analytical Skills, Communication, Data Mining, Data Science, Predictive Analytics, Python (Programming Language), R (Programming Language), SAS (Software), SQL, and Statistics",https://www.linkedin.com/jobs/view/3886956435/?eBP=CwEAAAGQJuw8T_EaWv_rZNoViUE7VfzVYsi9qZWeVj2wuqRwqrbH8EWNHn-AuVKwi9dlsmQq5dqt5koNP_q7-H4VIsqy78VKWUnmCWXXOLV4222iHqexupyNVjekzV8wWfg8LY59b7fv6ZXG2VNnVD0-RnpMQbNaJYmJYs4lQkNUDQw5PCrrCtU6ADQz-7dvU8V-HBLQRkOS2JYfm50qeZLLYRCZCHC_mT8g_bwuubvQyUZL4obOx7pcripfJqomPHg4S2okFvstlpg9jQIg4M5PJAOAQJww0AjeSTAaPh77vskjvr4nZVwHTXyX-RiSX58UxjoGRPnQ2uNMYxQHVzjTbf5zFNSrQUR8spJqvYfmWI9mQHMXAa_tiV1unjDL-t2ke2EmvldVZ0ihUutM7POkTVZtn9GAWXTGbsSDPH4zdjmyOGyvwH2zWzuuhKCT77gH&refId=0Db0dfA27Aj7%2BcBm8WMHgQ%3D%3D&trackingId=l96xPBEYrq3cepmoS%2FooSQ%3D%3D&trk=flagship3_search_srp_jobs
N/A,"Downstream Data Scientist- Relocate to Saudi Arabia, Permanent Expat Family Relocation Package",aramco,"Istanbul, Türkiye",On-site Full-time Mid-Senior level,"10,001+ employees · Oil and Gas","Data Analysis, Data Engineering, Data Models, Data Science, Data Visualization, Natural Language Processing (NLP), Optimizer, Predictive Analytics, Statistical Data Analysis, and Visualization",https://www.linkedin.com/jobs/view/3949160576/?eBP=CwEAAAGQJuw8T__HTz2tYqRYTfNYYUJ55sgETEuKbF42FAW05klyTiuKqI1ASxJ14qQekkKzPGLvMPikD61gYipajfSHjWX8cDX3MScM-aV7qoO2_2hbQreL0qYQPDWcY5EZuSw7Ga8MdoyLtdH1WpVmKMO1YT5OgF_hs9-n6S6vx8bcoDj5EQGDR1-wbP6adT203FqYymEjgDV8sE-I1Lbot-rWqmexoPUnDor0s7ogCcJ1nNClBtSBVRcU518I3FE4SwxEjsaNgAZoGBoGdPNP1IQldHuKExh0XdWpU6ajawezElywSArSUCO6yjUM8UWue05KkUIjx_6ZLWNuP8EcjOWQ7tTvafmZPg3-NTB_V9cksFTGPO-5rlnhtupInmuDYtI3EGljdomoJokTuoc3l_v9bzUdkU-KjFfr-vypV3ZbZrGpqdNrWSfiSINHXy0PX6uWTbG1Ead2X-DdwOU_NZXJQ7uCq-D1K-IELg&refId=0Db0dfA27Aj7%2BcBm8WMHgQ%3D%3D&trackingId=eJy15cn8NM9%2FRexgXqBOwg%3D%3D&trk=flagship3_search_srp_jobs
N/A,Petroleum Refining Laboratory Scientist - Eastern Region Manufacturing - Relocate to Saudi Arabia Permanent Expat Family Relocation Package,aramco,"Istanbul, Türkiye",On-site Full-time Mid-Senior level,"10,001+ employees · Oil and Gas","ICP, Incident Investigation, Laboratory Information Management System (LIMS), Laboratory Skills, Petroleum, Petroleum Refining, Quality Control, RTA, Technical Presentations, and UV",https://www.linkedin.com/jobs/view/3850532508/?eBP=CwEAAAGQJuw8T3Hprsq4WhN2gyOrpwAgFqEm6LfZBNTnyXi5pZZ3Pw543Q-5DczyqIBbTJu9rG-3kLtVkieHIx_qX5zWDZ2bdk2PcCiMRXjp1Jd88VyPRh4HDeqJ_yd8fDHbLcvmQadh8lf2KUm_YzyrsKViSCNV-4RmTuE3U7a7hUEcmAT8nrKTR-TDsemfsPgOoVwm0n6bxc1nPKZkHnOc0ME9-ttKsEiIBinypFzvKzLlIz4arWT6j2fVHy40NPvd0WtVnIJtuywgZXupWFwrFFo_S28pPHwUHleDVXwCU3L4M2IKaK-olL4p_SI7Dou7t5ePt76ITUymaWDu_sfS9B600IVW528cW8KJqOg9QS0BDCBfnsGyTXgxIjV_VAis1HjQIbDhP0MfIStdg4D9deCcFNkSXOHRnJ6g3-JTFhDK2dnXEXGQCIbLR1yvnTA6CDOTTIzTYZpWWWYRIGIgeBhUuzMfWCIE&refId=0Db0dfA27Aj7%2BcBm8WMHgQ%3D%3D&trackingId=B8MLK1wmB8b7O4KthfCtGg%3D%3D&trk=flagship3_search_srp_jobs
N/A,Data Scientist Executive/Sr. Specialist (Credit Risk Analytics),Hepsiburada (NASDAQ: HEPS),"Istanbul, Türkiye",Hybrid Full-time Associate,"1,001-5,000 employees · Technology, Information and Internet","Analytical Skills, Communication, English, Microsoft Excel, and Teamwork",https://www.linkedin.com/jobs/view/3877802851/?eBP=CwEAAAGQJuw8TzjWfw6YzWp6qnngxmP1h2rnNwni9Iww_agcLAUI4QD-q-e120_e493eWKWq-wDoF4l-M-QRczpHc4AbTfOETxMSWLRaJ2Si44DNOU-aCyrVjw-_zAOjZngytt8dqHDV2kp7KZRBTI18HaouV9LoZ1M_8NpKGjSqQ5Nam19dFoE4NiAZCXJDZ6RSRlu7GIFhRs20NbpOAr3nzeF4WlSFpfKqYzgv40zNXQ0J2VLKyiUOSHJC-O913lfDeKZrO6hD3Rxus8QRnQD-As2Y4p-e8YlxU7tWnEByx2dTJBB8pmI6DpKe_3NfBfWghUoWJrrTu5Mn4Ge9JX_6mhZBRWdHuatcJHuWeFOxtxJXC99ElP7hb0CtNhRMh0ytLDUcHPqvkUFFOhXM2DEoi-PUVThjSLvPFboRESuyniZD8kI-3CYLI3C6MI-B5_M8TW1jVx7AXz8oIOsJJveZekaPH0Naooy9OVQM&refId=0Db0dfA27Aj7%2BcBm8WMHgQ%3D%3D&trackingId=%2Fjww5NpVVvN5ChVLHwBweQ%3D%3D&trk=flagship3_search_srp_jobs
N/A,Lead Data Scientist,Sompo Sigorta,"Beykoz, Istanbul, Türkiye",Hybrid Full-time,"501-1,000 employees","Analytics, Communication, Computer Vision, Data Analytics, Data Mining, Data Science, Deep Learning, Predictive Analytics, Statistics, and Text Mining",https://www.linkedin.com/jobs/view/3949317369/?eBP=CwEAAAGQJuw8T_JXUl3ekhyeX6GwcdFF4NzahAjQ1okEkzIoslm_QWwhbjQyCWxS22kDxrDqmDLq1ThcqsoreYQueMpiPDG4QQCXhhro7JGRFgTFRiKBYoH0MW39FYJibSQI6m3mq98a-E6YG65UPMPr10N0TjMn5YV_mmJnzwKaUWye6w-nxL3VGS1iJ4UFNDqMxhRioZCW4UgSQPF8gphN5cr9zChI2uEAQ3v60NtWYpcbJ-bLrU3bHmXy4nBnpfWi50OIIR7oK9mUxJddndQUNwZAg-qF4x0096IrRb08-_ajNHU7GzQuuT4W6pIKA2NTq5rVskS3EgyljqmbmE_lUbEpXt3zlTdzu_ZbbQJXTYSUNsJWv1rxr-3Mgvaq7k5ySPsl8IeNq73gjevZvmJn_19zWyLrM-GuYSFBZPVWh-2gStcs_FpiaJBG-bBs0TXyDUlYwnoYNOtL3PQoIwVi1l469OMz_QSOi4aNAm4vNjNLdY5oF93JPF669TiUlxQ&refId=0Db0dfA27Aj7%2BcBm8WMHgQ%3D%3D&trackingId=Q9F0oe0FsQo4PNG5qP4eJA%3D%3D&trk=flagship3_search_srp_jobs
N/A,Senior Data Scientist (Search),Hepsiburada (NASDAQ: HEPS),"Istanbul, Türkiye",Remote Full-time Associate,"1,001-5,000 employees · Technology, Information and Internet","Algorithms, Analytical Solutions, Computer Science, Data Science, Predictive Analytics, Python (Programming Language), SQL, Statistical Analysis, Statistics, and Version Control",https://www.linkedin.com/jobs/view/3909961674/?eBP=CwEAAAGQJuw8T4x1yUEARWOIs2sMEuFcGdArYJWd6DwMq2mW4UsUKXjyKWQU1syJHbqI1Fi98tAE7zSh67ZV7FE3DXFuC4PKlPvPt1t77QxH3x7xAQyXsFGtlDs1uBGjth0_Sd9pjnEe2Fu7FS5Gy2YpFsZinQejoDVCEaAFvVbJuQdwpjog9QChfFoIcbrq25_nNf8IZj6evAQr9lxx2s7_esdJYS71s3H2FktU9qlGeZRLuH1czC6Hc2F1wzWBHuHNtBYnAeZGJ9lWaINBLDT5VctJK-iwebowyKIrQhUtKJPCPjRBoHI2F7gPrnOdd0SpQzCr9a3f7ax8iE31--SDRzQfrgJthJaQ7u6y99qFQPmK7sq1QT8eQo0uvv6W7BRIjfNDG5fIEB5YLJfuKxTix6fBm_owBZJL3CvoU9byMveVHOFcXlyy_ASWBGnyNQSPX5D-oHUqi8jXV4OxRhdOzUAqSzaG9zWF5ho&refId=0Db0dfA27Aj7%2BcBm8WMHgQ%3D%3D&trackingId=lWlJIG1QWEijxOmMPq824A%3D%3D&trk=flagship3_search_srp_jobs
N/A,Data Scientist,Amaris Consulting,Greater Istanbul,On-site Full-time Mid-Senior level,"5,001-10,000 employees · IT Services and IT Consulting","Data Analytics, Data Engineering, Data Science, Data Visualization, Deep Learning, Machine Learning, Natural Language Processing (NLP), Predictive Analytics, Statistical Data Analysis, and Statistics",https://www.linkedin.com/jobs/view/3948639887/?eBP=CwEAAAGQJuw8T6bWP8zPj3CU8egTE2OKnzJjYjA7HYoRwGAhlwEiYf2kRMz8rMactunhR-1KZlSIj-6YmciHrmd-YrcyS0Qj5XbHJ39_lYIsLLOOfAkkYwARgJeEbr4Tg7AvrOJOdCFaeJdR-j-LOEGRbToXwtyigP0_u-y0G5qTfU7e7xiOHTK25oT6jblzZpM62vS1rh2t7DtbQKFl3k4JaJQmbRVuyXVNMyLrPw94hdnvq9FnMT7bsCGO0dd_0_J3fz4FR21_iHe9u8d_HVmC2eYbXgp6HCNpdNqbVKPW77-OSopRgpYm2UZwk8luwhKLChuZZrl83aifVTnm4Tlm2tnibLUzymk625Vj4mBlx1UpM208GmKobiBa5GALh02CIAy086AQyxJNQD_1sEkC9asnVQOoALAnzKYaarHyCH2P6uUBLFFGIvqNSikLIDknkrlZIfRwsCNzZv69q4W3&refId=0Db0dfA27Aj7%2BcBm8WMHgQ%3D%3D&trackingId=oxXodwK9BW5ix0kr8Q2bCg%3D%3D&trk=flagship3_search_srp_jobs
N/A,Staff Data Scientist (Marketing),Adjust,"Istanbul, Istanbul, Türkiye",Full-time Mid-Senior level,"501-1,000 employees · Software Development","Artificial Intelligence (AI), Building Performance, Data Science, Knowledge Acquisition, NumPy, Pandas (Software), Pattern Recognition, Presentation Skills, Presentations, and XGBoost",https://www.linkedin.com/jobs/view/3658331956/?eBP=CwEAAAGQJuw8T46YqA0_JfFvz12uqm6cCnKsATiMVgrT17aA9gI_jQP2YPIOxJeq2Af2QBBYAfmOFIl9NS3bQgCaQkL3mn8YZH4kOwcJET1cKi7mXawUJLMnWB_CxbzTpcyMeftbSyBN4xoxiT1P0eQXpXYgShuqJRtJOkojtGX3Fjz-101vZOMvLcRiqDDK7NvSlWfa9KVES645hr8SA-4tpKYDU_OeeW2gAGhL2hIzABbB1s296a30BpIkW8JPD-ajigESX_GEZkeMPXuoFj2qs04U6z8eiceJF6uXvMBn3U2JNApKWcFPYytt1QEfF26-CoMWimpKW4KeWTM-MTTSPuMI1pviyOSQr4a_k9Avs65rHo_wuFz1smR_t-7O6DZlBuLFyJ2ZRJ4xOriYrEBo8fWtX94VHG91fKfog4-RZ-45nkxUbNiUZ2KjqbMZoZMtUFmSl9JuCTsbFJ8C_HodCpN1joMadrh6xlU&refId=0Db0dfA27Aj7%2BcBm8WMHgQ%3D%3D&trackingId=seDlJhs%2Blw%2FL%2FOVC4UsOag%3D%3D&trk=flagship3_search_srp_jobs
N/A,Data Scientist,Amaris Consulting,"Istanbul, Istanbul, Türkiye",On-site Full-time Mid-Senior level,"5,001-10,000 employees · IT Services and IT Consulting","Data Analytics, Data Engineering, Data Science, Data Visualization, Deep Learning, Machine Learning, Natural Language Processing (NLP), Predictive Analytics, Statistical Data Analysis, and Statistics",https://www.linkedin.com/jobs/view/3945026155/?eBP=CwEAAAGQJuw8T3b9tePXTRxUNzmyxGAHlMFGG2WFjIAC3hw_UM0QhHppaYTapxiEVm6cN_23WQIU8kFEpPF0dQDYeJrt5n0UEG8RdICarTVNPC-LWeQCRs3of48yElFv9l5niHrFjwaLaCbQEJ5TgpPKQ-iP9y6io58nWGPcjzAr0XHmIBdmz83WdaEyX1s6MiU__TomwR6UP8VQ1wzFXE2U_lnSxQBnY2X3GjZHrcqmnWmpEU5v4DXidOK4uASNmq_aOSe2MJmuy5t092zYZ5LCph6vPvLey_MTKb_8tZnzclg2hWBmrn_UoV_7523dDTIvP10oWWpVV135Jgn3y4R7JTgd3JQcXLJpmeWqx9-Z28VvNzTRWZtK2gFGRsmNK48el924d0Zf6lkTal5mAeJDJESLLR1oe69fGCYthpLwitzJ29Uxq5EESxLph7Odl0CcpAtnuYQpGtID5BZ2x-3K&refId=0Db0dfA27Aj7%2BcBm8WMHgQ%3D%3D&trackingId=jXkIZpvj4SZzY141vcaEng%3D%3D&trk=flagship3_search_srp_jobs
N/A,Data Scientist,Paribu,"Istanbul, Türkiye",Hybrid Full-time Associate,51-200 employees · Financial Services,"Analytical Skills, Data Analysis, Data Analytics, Database Administration, Database Management System (DBMS), and Mathematics",https://www.linkedin.com/jobs/view/3947683770/?eBP=CwEAAAGQJuw8T3BASn42zWrnpRvdh84e7HOBot8p60aPfsn_EmYiYDfrAMih9mgIoXce8FnMbH9V6IUDPnRuADBmTolvMwJ9pLCOXpofyN6r0bzmqZxNajIgwWvFrqCmUVVw0uUGzuq6ej9gz2cZ3eZgc5E33e0Ag7IGo9uoNvRlsnrlGaxywwJfyNSWOlSWx89rjEQ3yC3EoyaRu1pFWgpbqHlmDUVgJHA42xG5R5TxKvCcI5TtIUnjT8e2iFk-kuxBNt2Ty6fiKcxCnlAzLfz5uC7CWiM3nrPlF1Jg487iNIevOBpZ8C735mLB7L4iRtMJAobphOwjjVXJwJhN0WsUyiSK3J7_jepqikY_Cv9mmXvjo3H6nWY9Q3nHvPLEo7ozRV1XG8v14sVSughEKOQSNfj5aXTVnCVdgI0ak4-UrXaVj5kj7zJYKvqRxTuGD97B9q_0S_N62TXOwwsSXbneXVtn5Oexhg_D7jAXSg&refId=0Db0dfA27Aj7%2BcBm8WMHgQ%3D%3D&trackingId=BgTAbfn9F%2BZSwOiwQCt2gw%3D%3D&trk=flagship3_search_srp_jobs
N/A,Senior Environmental Scientist,"Natives of Kodiak, Inc.","Koman, Giresun, Türkiye",On-site Full-time Mid-Senior level,201-500 employees · Government Relations,"CERCLA, Environmental Compliance, Environmental Services, Field Investigations, Geophysical Surveys, Procedure Manuals, RCRA, Remediation, Sampling, and Scopes Of Work",https://www.linkedin.com/jobs/view/3924285770/?eBP=CwEAAAGQJuw8T0VGKSJb-2qc4WFCLiKxBDQgU2XDVw7XwfXwcCRkLpEVtf0alrF-xM1lXLWyp-ldwsb2tTMHnx6KDueJINALa-vsZxrpMsVYgf6d7YHGXz6eTBkfowyig8ePS7QcnvBOEeETkTlJmGRsg3cuJ4ZXF_GHhUZDygCD7dW12QRxi4sYoFci8UeTVV-rp2ikl_bSpkNPlTwthB1StLpyghbNnGyoniOV2PeOKmL3f7PRSpkMqp8-wA89acEod-tghIzrn1YxpKbvNQKa-FaAa9ALE7MNw8FsB24kpp92OUbI2w-SFy2u96sLiRxGepT8Jq6i9zGevB8vuEtuVQGWmeFPX7a_RLKLNqDB-yoXAElI2WIlanE5QM70id4hNmt-oYcpOSzWc5_tg11EZ6JzdZl53cu07xF1XJ6Aq41Pa2Q-Pa6B0Oe5LquxQVjr5HmDriFhMQbgNUCF8E_T&refId=0Db0dfA27Aj7%2BcBm8WMHgQ%3D%3D&trackingId=pZ8LK089zhjg6lohiUq2fw%3D%3D&trk=flagship3_search_srp_jobs
N/A,Optimization Data Scientist,Trendyol Group,"Istanbul, Türkiye",Hybrid Full-time Mid-Senior level,"5,001-10,000 employees · Technology, Information and Internet","Analytical Skills, C#, CPLEX, Data Analysis, Gurobi, Heuristics, Java, Python (Programming Language), and SQL",https://www.linkedin.com/jobs/view/3940333820/?eBP=CwEAAAGQJuw8UNnJTej75VN6oEqoJtyqK7VaBVC4E-39PSetr9425mLJEyi70Q1mihbQcNH-8Wd1Cjlinlo1fnsRvTloRqeyxWqNK7KcHeVc8vHU0nuRxGFTBna3BAd986UDQcx1yW9vwuKfQWyqsMiO1V65tBTAuSDetIHxt-RFYfI-Zrba5pUugYsxU8XnY8AibATBCmZsz7q29jV85zwcvXH8R_bI2XitsjExwz317qZWaOBt5lKAWy8ND2stzNJvmt-zgXiR7gTTDan9Hl0g6YUXuQwa3dzUscIlyLWBNUUv3wVbOGgy8Fo-SKvDsFxI4cXBhyS84c-cqFhyt76JPS-2os52HcJw3jDu8oZJOOT9b4rpMQm2NkG3_uR8nnOO0OuTst1dondBMRiGXamdhx8dvXIZsOMq161dr_MO3lFK0Rm9yVYuYGHKWV-yx9IVmIzIq3Gzs4_LzW7eKQAp4H37Qemvqy_9z4JV8g&refId=0Db0dfA27Aj7%2BcBm8WMHgQ%3D%3D&trackingId=Gur60QhucsM0jbfJE9uQSA%3D%3D&trk=flagship3_search_srp_jobs
N/A,"Exposure Scientist, Human Health Risk Assessor",Dow,Greater Istanbul,Remote Full-time,"10,001+ employees · Chemical Manufacturing","Dissemination, English, Environmental Health, Fate & Transport, Industrial Hygiene, Intercultural Communication, Intercultural Skills, Language Skills, Strategic Thinking, and Toxicology",https://www.linkedin.com/jobs/view/3948596255/?eBP=CwEAAAGQJuw8UMZ0zomfALSQ5qxKaJLbYhcMA4ZQ90TyEU9E25Rmjae6WVJD5Chq-2NSXCkNZoTqry58tahWaCnvtyFEufh2Po1l41Uq5GCA9sI0YDhi_ifYjjMB-g8YsjqxfVhaRCoCscZniND3LDhgnehTGYa12bKFIBRqQM08bDOoFawiimcQsYsqy2dxrj2CDU090RuvQb_v5ga6JyijXFsbjdmPEJD3PzQYrX5LGssqnw4Yy3ytblBhktV4BAmynmmUBcfeT1tI8dcGxnDp9Ka4Jlx3CBWd1PqHSTXiGity6EG2a_JD1___CxnNmLjpiD94YV7f0LMuhytgFsyNE7g5BCC4N37ROL7Z_Ezja0RRixWYdxeM23kgi1ofryvsV8VXFzqgViWuh47vQzrtzTOKI_wxiqbszvM3ULrbxrKi8CoMh-thk7PQbWzRHLFmMsD32C2m06jwvQzTpXU-xtL9aJjX91PGpbk&refId=0Db0dfA27Aj7%2BcBm8WMHgQ%3D%3D&trackingId=TywMkqzPfTihsswy%2F%2Bc5fw%3D%3D&trk=flagship3_search_srp_jobs
N/A,Data Scientist / AI Developer,NMQ Digital,Türkiye,Remote Full-time Associate,201-500 employees · Advertising Services,"AI Solutions, Artificial Intelligence (AI), Data Analytics, Data Mining, Data Science, Datasets, Exploratory Data Analysis, NoSQL, and SQL",https://www.linkedin.com/jobs/view/3933460653/?eBP=CwEAAAGQJuw8UNd9L8BGbnu0hdgJu9BSPXYTqckooKQatANm0n2tJO-SaxUG7jzWqRQk9K1j8hEPZpSwbW3RiTByaSCgdBQMFMLdq_qzkZNPbySzcdFIpseEvFe8sQTuDu4Pe32_YM63P8YzHGl23fPw0rVfAYuPU74x-wEvG15klskIAcyqMOhak1PYs3lvYcJ437LacmnTLpJTw-DrRQCiY77iHYYQOZ7WxLRmgbAwuc_vVsAcZkgglAtmKUIHDt5bku9HCxVm_3JoYizAdhIVCSQ6_tHctjQNN5J3iKVM6NUXlq5-0zpUTUV2jcEkEFgC2cRgWR3zonPwUVfR5aqRNC-BNeOXE70Ls9e5j233lHJmd2s1RX6OtGWS5WxVMOK6dsc03GXT0E1cNpY-AAuTPfHj4ny7gWlYMimcrcLJBdg_V9U79I-mlYSXOLbVIA&refId=0Db0dfA27Aj7%2BcBm8WMHgQ%3D%3D&trackingId=25LinDUedNU4sN6qrACaIQ%3D%3D&trk=flagship3_search_srp_jobs
N/A,Risk Modelleri Validasyon Uzmanı/Yetkilisi/Yönetmeni Data Scientist,DenizBank,"Istanbul, Türkiye",On-site Full-time Mid-Senior level,"10,001+ employees · Banking","IBM SPSS, Modeler, Python (Programming Language), R (Programming Language), SPSS Clementine, and SQL",https://www.linkedin.com/jobs/view/3872966274/?eBP=CwEAAAGQJuw8UFpMZ6GLswJmuOgOY5r4jgghgjtMwyWEq-zX9VvJ5MRzzmNtirkzgc6mVasJMIY8lT2G9WGlENu-ZBDJihP6-NiZHN2gh8gtSqrVJRlENoFrTNVQ6SUneNECD14Ig8BETRFdLdIOwo2G0KNQx-0VIaCsU6k_RicZGvNwRxHuFAI37lDtiFm6D-q3ilULXuHE9njJwJ-kyMDdPmnWlvLSqr90cv8PdA_mL7KdEk-eLlj-SLFBictphik6o6m4rXhQLpZ8rt51zw6BV2fBZmC7eI4hPKy83dnbICGTRiUTU27Km1XxKZ89u431dReQNvR3F53ozAiF2feXK9bsZdiXMKlnToZ3UD1Y8QWP1icaafSp281am9KSIpaFw7x8jFZtLRd-a3gLOaXVV6f7NVLojM0z55tB7eAyoJRaiogr1c36UhxeoZPXKISmKP34zFlghgHhbIhjO2yR_mWh-AoODF4ndR_FNQ&refId=0Db0dfA27Aj7%2BcBm8WMHgQ%3D%3D&trackingId=CKPJozGhpYlvN3LfQLWPyA%3D%3D&trk=flagship3_search_srp_jobs
N/A,N/A,N/A,N/A,N/A,N/A,N/A,N/A
N/A,Data Scientist,Prorize LLC,Türkiye,Remote Full-time,11-50 employees,"Data Science, Machine Learning, Optimization, Pricing Analysis, Revenue Management, and Statistics",https://www.linkedin.com/jobs/view/3872938917/?eBP=CwEAAAGQJuw8ULLM3rMkcKb_Jn32TeNoCwpiFp5v5QMH5sj4S7czOBXTSYqzdGSYMmSY65yxTiCTFaSlH9NQUVWyalY7vQUfNm8HkWQufALbsBQChZLycZbpk1O3fM1IMpPzfVeHbXN6RhQm-PF1BJI92r2StaazMQKEa13uq1X3p3A9-bXzaShAaQy--hejT6Pn-6a3C_ZGmvgNfSl72jQjf7HcWpw1DyKUvsYnbaatgnj_cR7jTb2Z-T2e7F91YfyOc31gFDHiZ5QsxPZin9l4_giYM3wA84oM5vcgboxYqTc58hDVjNmsFbudf_9obhPL3NpX2mZpZxEoCJcXUFFU9877NfryePitN_Zp7ezWk_5bGtn4GsxCAijS50Cd3WJ_jNsHXLjgcROljluXZInJ_mn1DhWNygoG7aopsALZ_Ea3vaJ0SBh0qQAPslM6-UVQztk4j6XamcBXibC-BHR2vUcDJbM09v5YHfzM&refId=0Db0dfA27Aj7%2BcBm8WMHgQ%3D%3D&trackingId=1bHKilNMEE0yiC2DYAYOFA%3D%3D&trk=flagship3_search_srp_jobs
N/A,Data Scientist,Pazarama,"Istanbul, Türkiye",Hybrid Full-time Associate,"201-500 employees · Technology, Information and Internet","Computer Vision, Data Science, Docker Products, Java, Machine Learning, Natural Language Processing (NLP), Python (Programming Language), SQL, and Scala",https://www.linkedin.com/jobs/view/3920858537/?eBP=CwEAAAGQJuw8UChtO_KNEN3xWdi_VfArKPs2Caa4jwemr7YgkMJFS3paZ9cKHq7e6pXWxOIb6IJlrdI4pi18TcIqI60dYv1gRhm2BG_Uiy0BE12O2z_lrCESX-qt7pGLoyWHHJNrG_az1OsjxSZnxLAdTFOljgr6g7kUQ-iVgMQZ_kH5zrxF7FQgYd6ZLPihOv-iN0MhvDNKKk1KDbu_Nfe4R7bPcvXC4qOPcyEJCjDxtfQXGBcB61sfHfbbCKas31-TwTLqGIbpMc2ml7w_m6q1E_V6y6jv6pT-4nGk-7M_nHIuCL65CEWeK1Hip1gx0nlGQFaNJKdIhhr6E9ATyXoYzTsGSBGX53TEhADdd95z5pRZCufIiBsxWLm7haGcGUyP3DhJcG6ZXT4jnbTJ0WaKOTztVCv6FZulta_cvMlJGZxrTxKle9GRAd9CIxm0GnZ_g8sYpxdH2Nve0c7zbSo_7joK_6cKHUqjmFA&refId=0Db0dfA27Aj7%2BcBm8WMHgQ%3D%3D&trackingId=HF4FMabHZzhzYlF4fN4kEQ%3D%3D&trk=flagship3_search_srp_jobs
N/A,Stormwater Scientist,"Natives of Kodiak, Inc.","Koman, Giresun, Türkiye",On-site Contract Entry level,201-500 employees · Government Relations,"Apache Storm, Chain of Custody, External Communications, Field Testing, Forecasting, Precipitation, Procedure Manuals, Sample Collection, Sampling, and Turbidity",https://www.linkedin.com/jobs/view/3924288402/?eBP=CwEAAAGQJuw8UJcNMWe44N4HyM0U_MI4FGD5kJ-gHu4hOi8RVuMzUWHLafKpD4h2S89NT8ci2ABU3YRv9RqDzES2f4hsUOkOK1vgsaGfI43N7yRaV8cXQMOv56iZgwiHmGKAOkCHpt-CnnLusJbY1eUSeZQLCbAua0XRPMyzau-EmXcq9tnSDvzqrezjJ5flhAwAWHaHhwlu-6-1O-4Q6j56fv7d33O494TnkhGhe8eXQgin8i_QMbw3mFql44cyej9WK1isSkbwhi4YyEu_358z8rqVU-Ooq1wPu7FJmFiPni6r_XPZLg5mALYqFV2PBMRf87Tpmwc_rK2uFEnNAH0jRzBfGk7m0e2hHFey5_Zqr6ZDg_RmjsPaQsYvvWbzwEEEC6DdVeWm10Mnib0E8sb1yNBPa9c6xFvhCBcAs6IxD-mgMZye-KSqYNgyhrSRqf2GxxkOGMq4aalSrn2Vao1B&refId=0Db0dfA27Aj7%2BcBm8WMHgQ%3D%3D&trackingId=%2FKNnvOwZGssM%2BYqdZCGl%2Bg%3D%3D&trk=flagship3_search_srp_jobs
N/A,N/A,N/A,N/A,N/A,N/A,N/A,N/A
N/A,Data Scientist,DHL Supply Chain,"Ataşehir, Istanbul, Türkiye",Full-time Mid-Senior level,"10,001+ employees · Transportation, Logistics, Supply Chain and Storage","Containerization, Data Science, Data Storage, Jupyter, MLOps, Matplotlib, NumPy, SciPy, Scikit-Learn, and Storage Systems",https://www.linkedin.com/jobs/view/3944681434/?eBP=CwEAAAGQJuw8UKCgV5-90h4ls906jXsdRwfoUm2HSj4iSg2llMd4XqLFwrB-xawYyzJAZMBCHyrfyhAk3VBVraYohf3fyCa1wa-x8i-DEK4ucNxBqRQtuhdWdliKVDrrsVcjIYWfV8vtgLZ-lbNqcqg88r83aO6CDRVSFAf_DCjmwa1zMeMS3to_QdGotKpnGgF1XPmfUNyDRUXDabx_CkF14F4zZ4ygKCnm31tF-qb_7PV45RODqj0aArKyu_rJ4C_AotNuPccngaT-O5S7I-2L63C2L1F_Dy_4cU64xooLnbml21gd74dKr99T_bJ7ksEvJK1uIivWl581Td9KENqaZXH0bRx7p15HUo4DrKgtVhnPGsbtNT03ujMZA0O77v1TzYg_qLGC-hkUWHl2Kq8UVkRT85ntd3JfcxttJfPDKfhqB0YQjbRyErjpFZqgrs1CVJ5NC9OFyrnL-Y5hWpP0nZU&refId=0Db0dfA27Aj7%2BcBm8WMHgQ%3D%3D&trackingId=Ji%2FERV%2BX7dTXXKfs714CKw%3D%3D&trk=flagship3_search_srp_jobs
N/A,Senior Data Scientist,Proxify,EMEA,Remote Contract Mid-Senior level,51-200 employees · IT Services and IT Consulting,"Big Data, Big Data Analytics, Data Mining, Data Science, Data Visualization, Python (Programming Language), R (Programming Language), SQL, and Statistical Analysis",https://www.linkedin.com/jobs/view/3928926304/?eBP=NOT_ELIGIBLE_FOR_CHARGING&refId=0Db0dfA27Aj7%2BcBm8WMHgQ%3D%3D&trackingId=6xSuV7qKqdJ8psRTe9Nc9g%3D%3D&trk=flagship3_search_srp_jobs
N/A,Senior Data Scientist,Eczacıbaşı Bilişim,Türkiye,Remote Full-time Associate,51-200 employees · IT Services and IT Consulting,"Amazon Web Services (AWS), Data Modeling, English, Hadoop, Hive, Mathematics, Optimization, Python (Programming Language), SQL, and Statistics",https://www.linkedin.com/jobs/view/3935064232/?eBP=CwEAAAGQJuw8UKuoICT2XuD_X9M--yibkV6hdQwWQPhKT37DZLE5C_TuWRoxMrjJM-Z4sqCbwIdb7fgp4Ct36HnnQBeZcGkIcWChQAJo1TmXw1NvcJfi_BDBuuP3FlPhNT5AUrZWXe7kpN1pkrjE3SDgn_VNG93r-nwp4_NvBWjPFRFZMc1pRatjNHZFwsTzzqGNUpXlT24f72cbdoJK4veDrbaXfXGq7CTgKC44xeV1hbFBXZwHcexji6B1HXZ4VrkOi6MTrZcgGkKWVrMWNBsWfK0Efinw-IE_iwl1xJ-GC3kutd1d3fuG-eUMAaSOD_ogtzTftB-w1E3WEUQdjUGwJeFaHrw46qy9aBFJc4Jz5mOdcLR4KZsgDxpNdQB4i2rPDkKFzkYbSaqk-BVbGU5a3JVBpdY8poZpe7n4qc-wPOtW4WyTBjdY_BOhBlI48cnpm5AmWW_hbX1aHpC6gcm89IF-Ia-oJFCcx8hzUA&refId=0Db0dfA27Aj7%2BcBm8WMHgQ%3D%3D&trackingId=CTC8AYWr958kKp%2FtxPnjSw%3D%3D&trk=flagship3_search_srp_jobs
N/A,Data Scientist,OREDATA,"Istanbul, Istanbul, Türkiye",Remote Full-time Entry level,51-200 employees · Information Technology & Services,"Analytical Skills, Cluster Analysis, Communication, Data Cleaning, Data Science, Mathematics, Presentations, Problem Solving, Python (Programming Language), and Statistics",https://www.linkedin.com/jobs/view/3947236108/?eBP=BUDGET_EXHAUSTED_JOB&refId=0Db0dfA27Aj7%2BcBm8WMHgQ%3D%3D&trackingId=Our7leWOjHNujhNkZTdSDQ%3D%3D&trk=flagship3_search_srp_jobs
N/A,Environmental Scientist-Air Quality Specialist,"Natives of Kodiak, Inc.","Koman, Giresun, Türkiye",On-site Full-time Mid-Senior level,201-500 employees · Government Relations,"Client Relations, Data Collection, EPCRA, Emergency Planning, Environmental Monitoring, Environmental Sampling, Interpersonal Communication, MACT, Sampling, and Title V",https://www.linkedin.com/jobs/view/3924291089/?eBP=CwEAAAGQJuyygtDj_zLw6EEE18BExKJjpmu96fqdw2BOuwFwPd1_F4NIiD8zK0VnfT7Wgux55G6U_Az2v3K-COixNo6YkaXk5agkD6N7z4230uKlnmyAQdJH6vqn9kJufNgeohlb_16CPdxvOIpgJdxrXPdm8Ey5PJ4TROn5uD5aFXwpwYZsGjo1u04hfXco4e4HuELSgakxR5nmWj1I39moAmOwGwTNczw3GeQo3B6B-XHouZkYyqXC4aSp-t7BUDfkIrSxpcHMCXJ8sQdoKyPAm37yK_0kgBjZbZZhKUKKoEnIaN-JOduzfyFaUs_L7Ivhdd0coaQCf7ezrkygWGJp5_wtTZVX53mU4sUlROuXXBxP1ZfCIBt6cXGLlWY22DapZp_qntPzbLID6BuKmt4Q258UXGyqASJhFqbaTsTtk0MVYReFLvHkmTkIfoyTnN9Klhxt117g-IDpXvmrf9krt8o&refId=b9feW7RN4mgzcB%2BM4M5teg%3D%3D&trackingId=7m%2FLlK2X7tNlrIl8qm2GJA%3D%3D&trk=flagship3_search_srp_jobs
N/A,Data Scientist,n11,"Istanbul, Türkiye",On-site Full-time Associate,"501-1,000 employees · Software Development","Apache, Big Data, Docker Products, Git, Python (Programming Language), R (Programming Language), SQL, Software Development, and Statistics",https://www.linkedin.com/jobs/view/3930167323/?eBP=CwEAAAGQJuyygkzme4wlXn_HTyz754f241yESWbYWXFAiJqQY1GP2uOADUE-tMDE4EaxL027EGkej8pUXaqYxFBlOFrH50icYlYFdpLFgTWopYmc2tVjg1rpbCrGBotuGKQhEu8ivtCApCmb6dCLkVSmjx1ZFofMMscS-UBcJNA3IcaDKCgqwnHEetuYjccShhqM_q3wL__3rLERl2KSwwnPkL51JFMC0vBfxYyEmbqYfIxjjNiUuyGNlwgYwbUz_afPrE3mVQ22EDZaZ5gSew0zM3WpQpt9rsloMmLq288aycTaLN4GBZkkpPbQf-BnD1tnTpCG1eIQrWZ0TQmCYR696GyD2HE1jrt11WLcwZG0Xqke3W758bTsb6jto1yflQ8RuUZxDN6WbvQAGAZST05Fro1OraMmQ8mzGQKlvyfU9DcRJTB-NvzZAGBXYtVdzFOi&refId=b9feW7RN4mgzcB%2BM4M5teg%3D%3D&trackingId=S6C9fpWDopwWgTQORv14hg%3D%3D&trk=flagship3_search_srp_jobs
N/A,Data Scientist Validasyon Yetkilisi - Uzmanı - Yönetmeni,Garanti BBVA,"Istanbul, Türkiye",Hybrid Full-time Associate,"10,001+ employees · Banking","Data Science, Python (Programming Language), SAS (Software), SAS Enterprise Guide, Value-at-Risk (VAR) Calculations, and Wellness",https://www.linkedin.com/jobs/view/3815325380/?eBP=CwEAAAGQJuyygicaczzyUIF7_pNIkTLi46c2vPHkGFNtS_K1ojgdaHRQ9tiSa8FogCOJkjrIj_FUtr44yKL9lWPpO0zzWvLfGTRoHnFhir7AQXk3nEqOOianps7j6-B1I58yqkFqt9ocUYBS7DA2-HmZPKANi2rvyHbafvnXaB-7QRfBGTvhIG7i-gdOfV8z4P6tyO_G9Hf8rxWoHbABlSh2Qk1EiYjcvXQ33uyDgNfRujhDpSDEBsRT8toylxWgFpdkGOZcGVrCCeVJ_21y7ZhtRAdH-yNeNqsWr0uliZCpWUJlhpEjJ1-kgHt60dLd_Faat2EEw5jBaxACD3jJLgOp9juD8gnq3sgzEJvspZIVbnoeK44_PaGLeAwWzqw3idgoVWe0X6CfBl6W__v6R19vjdhqWzDJsVOoHjqs-8nMd7o3G4o_zwAl885j72JfY75LguHjfXpVRdYh02Xt8AuDIlSg9PjD1XslyEBN&refId=b9feW7RN4mgzcB%2BM4M5teg%3D%3D&trackingId=9G%2FGVkPL1NHUznTxliEXSg%3D%3D&trk=flagship3_search_srp_jobs
N/A,Data Scientist,Jotform,"Ankara, Türkiye",On-site Full-time Mid-Senior level,201-500 employees · Software Development,"Analytics, Communication, Data Analytics, Data Science, NumPy, Pandas (Software), Predictive Analytics, Presentation Skills, Presentations, and Technical Requirements",https://www.linkedin.com/jobs/view/3942490963/?eBP=CwEAAAGQJuyygmiiEV3nputkvWqjtjHlSosvmr4Qr_gSv8L7BpLw2YwcwBePoyqIehhVz7PmfMAAMyMvIZ9-2m9-6V7oyzWTX69lI78rxHS9dNSBJgE03Nn0tg8BrFbArI4CbtLOgAKnCzrcYDabgc4VxyN7JXNVeAijoP0Nn1IKrE_E_atclwOU7luN9C-dYwsadjLZImpK_lHd1HIziqMEWiUmiSqPIYPBD3m8HUqFEgz6Gh3OIxAzFrQVP-tWzTEXGCu9Cq5TR_9A3KqrTEinN2ZjcfB3xNAUaNPsKbyhp78fpvCtbNSK3ICtYnjO_GjEUgvmFlbcrhOqgSY_R-ishiZz0VlNldinz2myrXYrekc5WXw2A8GvFgrKzI4leocluM-aKQL3tjblUl_9n4q49VWCn-n7cg5u3VmbSx0aKaBDnUHXXAO3cbZxzazlcH3kWek_dVMhcUMLMF8159GncvQaVdUDDDUzVuKhuA&refId=b9feW7RN4mgzcB%2BM4M5teg%3D%3D&trackingId=aLSx8qQpyjVFu6D849hGWQ%3D%3D&trk=flagship3_search_srp_jobs
N/A,Advanced Analytics / Data Scientist,Garanti BBVA Teknoloji,"Istanbul, Türkiye",Hybrid Full-time Associate,"1,001-5,000 employees · IT Services and IT Consulting","Command, Communication, Data Science, English, Machine Learning, Predictive Analytics, Python (Programming Language), R (Programming Language), SQL, and Storytelling",https://www.linkedin.com/jobs/view/3943412666/?eBP=CwEAAAGQJuyygq9oHZQQM_Gp4K3WAoHDVap5209s9xfZ6icDi05BudzzWgITEnFuAqVng_nGzBfv7RQFrpyATfbM47hZIHCdaE6HUXjTmEywRzRpvAggcKrfiJR6E6-oXGJS8YD9bYzqxqmfLYTrT-PlWQ_aeZzMwPMD-cTXql6C7TnBQnShC0q834EXKcG-c2NcutKc6H6qnAJbm2jGuZaEFpOhPN6MPotYlxeYU84ceFcpUKzE_krDM58iOEBr7GElZsgW2w_R5TbBn59wdDLF6gYjRRWCb5pGPpGbmwQVSbRsln8uM7b5E2sfwDiOrjrEL7xy8HG-c5ERT7KvQyLd8zC60B2q_CeOh-kuDHzi8BfSWyN8eQdLf4FDoguhRXVG5yQ_WUwYrrg3rcY6zBnrj_hxxZlAwUJqQKHOb6Umy75Q74B3hMtyTxSTxKpWBa-xJK8nGBkitdNiQoZG2l739RoCkDwZ5DQYZclJFg&refId=b9feW7RN4mgzcB%2BM4M5teg%3D%3D&trackingId=NWVj0FEAzy2LryfkmntGXw%3D%3D&trk=flagship3_search_srp_jobs
N/A,Data Scientist for Customer/Service Analytics,Yapı Kredi,"Istanbul, Türkiye",Hybrid Full-time Associate,"10,001+ employees · Banking","C#, C++, Data Modeling, DataStage, Dimensional Modeling, HBase, Java, Microsoft SQL Server, PL/SQL, and SQL",https://www.linkedin.com/jobs/view/3939024316/?eBP=CwEAAAGQJuyygsZ-TZnOdEQ1vXODcZShSaSdoK1n5eU4KKiH1_cxnrk8dqGTalOBONkGET2Qxrp3lo4ovBK0R-WceGBFzBblPgFo9OUTDajn44BtYG8HX6thD5E8R3gxq1Rgve0dWmBx6lf7AdpOgSAuxXdWLPY_dj3mQ2RFw2B4-rJDZfyyb6sewiyuohQG1tuXy96K2sG6Xd1LpSSMNcXt7tQRG4dQZq0bF9WP9Bx1iMcRP4gTGW0Dc1b2Rh34Trn3hIAVz3ELvrk_4nJ4aPKvIJ8I-05SbC-Fjl9pHBSYzTzZE08Shn5sxDI1nKRtVMSvQ0v3P3Bk_FSy8g07XxBukMJ2WgQySo48-GJFlhrOQJStPz6d5BCKCwQL9_1nkJ1sdJye6mr2NLGTvh4lrLXpRM3agze8HIOoNw83Db299-4Sr_fE5vQM_YXxF39sgdRPMQHNElVlkBE0qmAVTUde5l-LD_L7LBpHuEUlUA&refId=b9feW7RN4mgzcB%2BM4M5teg%3D%3D&trackingId=EGumOVHXhnX1g1SI4aKPfQ%3D%3D&trk=flagship3_search_srp_jobs
N/A,Medical Affairs Scientist,Pfizer,"Istanbul, Türkiye",Remote Full-time Associate,"10,001+ employees · Pharmaceutical Manufacturing","Clinical Research, Clinical Trials, Communication, Medical Affairs, Performance Oriented, Real World Data (RWD), Real World Evidence (RWE), Responsive Web Design, Solid Professional Standards, and Turkish",https://www.linkedin.com/jobs/view/3950376403/?eBP=CwEAAAGQJuyygtQMEMOd5Z-1bhvqXGgmL_lf826T7HNl-NrVAXSKcpzdvFdN7Eu5_S9ILjCQugzgB-z1p4aB_mohAuVVanmu6OYwXiwu-D5OFDXQNHFEA7eWN6Zk5mfB9Ktd5ARxbpMWrHYSul4FgthcJbcD2glqFBG7WjG-ufXd5nhBPeAJ2doKS0AO3w7JkfNLiotRqTSPA88iJlTHfB-CWBek6rgV-XJTlqWo-_Uary4ynwokBr1HeoMgvzhL8IYWCy-H0Uzecni2ih0azga3c_LzyMqt3Jz7vday1zTn6y3xr0uKtjqHNLXeufIY7n4rxVeFCoT-0LpRRgbdDRx0a94C_DzwL-JUUtr4-evts9Nmrjab_CeD2iD1CnztJa8-qQLjVAOx168bSMPRbNQempfeI2wW2XYUnFCsgeXjAD-_dReyaX-HFIsb_k2fTA&refId=b9feW7RN4mgzcB%2BM4M5teg%3D%3D&trackingId=8I6n3Zdy5jg5wOVJ8qwaRQ%3D%3D&trk=flagship3_search_srp_jobs
N/A,N/A,N/A,N/A,N/A,N/A,N/A,N/A
N/A,Medical Affairs Scientist,Pfizer,Greater Ankara,Remote Full-time Associate,"10,001+ employees · Pharmaceutical Manufacturing","Clinical Research, Clinical Trials, Communication, Medical Affairs, Performance Oriented, Real World Data (RWD), Real World Evidence (RWE), Responsive Web Design, Solid Professional Standards, and Turkish",https://www.linkedin.com/jobs/view/3927825768/?eBP=CwEAAAGQJuyygpdOd7XpfrJXfodTTLHdPmJ8o4JOza-O2hBW41x8iGhz4er_5NJdPKs99KIMxeynrbIomPwOLT6zTT4kbzoSfpSEqs1PL8VuCCGpsS60lLjqY3OasZPT5hb7jRxj9ws-57MfqWRq-sFPtd8y_8GA2_Va8I_n-nrMHsDLOfB-8d4z5h2gbxhYs5iD68ITwtDfVaJM7DXUXJp6IipBDhPgKEphxtG4cznyVs7GfFaEBbeo_AW8sD5vxuNgsj6DPspiToWZ_2p7XyLrHDVuHODAsWFPuLSsGcC42TN7ALkx-nguccxowkg-eNI4rZBWdxZ1k3CLwGRt_ulouBRm7SmbkP7x1MeWBS1aVp4ybeWAhwmQWbAHDDKaqqsUEDHkylPHgyjVrzUAtoEO_jpNHgMEt7eGuU3vdGb9Vuuyd6HiIL2GnvfnHTEK2Q&refId=b9feW7RN4mgzcB%2BM4M5teg%3D%3D&trackingId=ubkv1AjoJBh4PVaLLHwzRA%3D%3D&trk=flagship3_search_srp_jobs
N/A,Crypto Data Scientist / Machine Learning Engineer (Istanbul-Remote),Token Metrics,Greater Istanbul,Remote Full-time,11-50 employees · Internet Publishing,"Artificial Intelligence (AI), Computer Science, Data Mining, Data Modeling, Data Science, Machine Learning, Pattern Recognition, R (Programming Language), Software Architecture, and Statistical Analysis",https://www.linkedin.com/jobs/view/3907954818/?eBP=CwEAAAGQJuyygmFK1oeibB0vdUloPalRj6erIPehGpCIYlbaxdc4q9ZI274a_-q2j7_67NhwOTg9JDrc8ZCPFywPk4g9fHSu21rwVZTcLoN4gLiARO-SXViX9D7pw4wm5eHOOUKvON5bVOpgfwSuX9Nn0r-aycvxXoHS_ecN6RKSQ93k99WLxQwdiHiAre94ShnBZmIqiEigKsUsEPK_akp3A9nA1zItakrUegakdjG6Kd-JM1kClhYShegoPq7zO5ceZ5q41HVQjY4vUMJaVB00pFVgbWNehyAVk37eVOgAEnt5ZyiMIJjYz3tzHT4f0OHnFbiWGRTneSfijfjXVHrkZViKkgTDReu7XuTxGBFbo-Q61-5QqEz7bi7YG8abc3x4uFkbRBBkYGw2ylAWwTlS1pKuZX19U7JSU7qakXnGTqqjOz2BnpnKoSnGp0VLu5U2cQKauZs42URagQUKh5x6&refId=b9feW7RN4mgzcB%2BM4M5teg%3D%3D&trackingId=NGtp%2B9fo2K1CPqtieiUu1g%3D%3D&trk=flagship3_search_srp_jobs
N/A,Data Scientist,AIQU,Middle East,Remote Contract Associate,201-500 employees · Staffing and Recruiting,"Artificial Intelligence (AI), Data Science, Machine Learning, Matplotlib, Plotly, Python (Programming Language), R (Programming Language), R Shiny, Statistical Modeling, and ggplot",https://www.linkedin.com/jobs/view/3945513948/?eBP=NOT_ELIGIBLE_FOR_CHARGING&refId=b9feW7RN4mgzcB%2BM4M5teg%3D%3D&trackingId=4lGQXTDZ4Bc46QApJpmU6Q%3D%3D&trk=flagship3_search_srp_jobs
N/A,Data Scientist,Peak,"Istanbul, Türkiye",On-site Full-time Associate,51-200 employees · Mobile Gaming Apps,"Analytical Solutions, Analytics, Attention to Detail, Communication, Creative Problem Solving, Data Analytics, Data Science, Datasets, Natural Language Processing (NLP), and Problem Solving",https://www.linkedin.com/jobs/view/3926321035/?eBP=CwEAAAGQJuyygo8oLE_zWKR1tnOQq9Ac9w3ZJXOp19jKfH9fEjjqQLam1daqcb_RpyOSVtmqL6eD4SXxDuDuw_JvjzR5jXzvJJA9UXrVQZOuPJjtxL1fqHkbx5Uxk2ivcP6jADmlZ9IaUwtwwal0--VFKJF8YqmWjGQJ6lLxMAQYlytvEajkeWMg2Pf5wnkfpKw5AUfgGLi2UmCB-YgfxY7vX-DrWcX1IAWr3pGMdCDZXrOxNcm8scnm1ZKrShDcxsLOlyBRUZ1M9I8E9HRwBgD63fWWs8UlIe-2alAvvpMSoSE_OGcjH-KvJgnVYCMzuOjKHnzxfazNRpCz4wprnE8rv86vTOmroQEZ-lqbFGGIjG5plrYbes1tYUCjRPlUrfJF_v0PwurBHPPT-wWXuy2b3ZjFT4i9vYBudGaeuometa3BwmboE9gLLKXHs0PzXjra&refId=b9feW7RN4mgzcB%2BM4M5teg%3D%3D&trackingId=vS9%2BGkwAmbFJJkTyFyAOnA%3D%3D&trk=flagship3_search_srp_jobs
N/A,Data Scientist,EPAM Systems,Türkiye,Remote Full-time Mid-Senior level,"10,001+ employees · IT Services and IT Consulting","Business Analysis, Communication, Data Science, English, GxP, Natural Language Processing (NLP), Predictive Analytics, R (Programming Language), R Shiny, and RStudio",https://www.linkedin.com/jobs/view/3894474690/?eBP=CwEAAAGQJuyygo0fbijGsu2vxFVwbipHnlkilQxu6oVnFygohXbvjVembCqMjgERzpMmlnmGpRtzFVs1BWKSvRCOOnNY49VrhVm5qJNt_w3Fq0-5pYM3_sfwv1nCBsYcFlRLk2SQZZnS3aWt9lAMeJ5sF0i0dxlkfD13odtJfa3gAeqC31UMlcGP8lu2jr0QWpHRmd7wl35EQ2ZJPBrqq3cZ-Trc8RGc7eQMHh0SfIBASYYN71dM91karRxpuN01PNS4mjTEly7GN5fQTLw5tPhiV9F9dwUnMBFFSyPVo_9Ll5OTA-7J0UabpWLm1OeUrCWPm9Ok7c4zPfTfbhiawO8JX0gIzAwVCDqnZjpFKc1xG6Tu9lbr_MZ566zv0J_fgd5twmIb-pOgqD_Qar5y2b1-Pn_r8IzJ4MR23s2VjtnNRnPcbaiv8OU53XeKkxI4rw&refId=b9feW7RN4mgzcB%2BM4M5teg%3D%3D&trackingId=9Eyc4kO3qKuGGT%2Fr0mlFlg%3D%3D&trk=flagship3_search_srp_jobs
N/A,ML/AI - Data Scientist Engineer,Braintrust,EMEA,Remote Full-time Mid-Senior level,"11-50 employees · Technology, Information and Internet","AHP, Analytics, Artificial Intelligence (AI), Automated Machine Learning (AutoML), Computer Science, Data Analysis, Data Analytics, Game Theory, Natural Language Processing (NLP), and Pattern Recognition",https://www.linkedin.com/jobs/view/3812768774/?eBP=CwEAAAGQJuyyglOciwdhQBiAgKSGZZqvwyf-KCfDCDf3Kcq1pb2cDCzv25GdrjS3Fn9PrFU6qMGedLjKm5jS6acXJGoOQblqJbb2ry1vKSHhaj8uSrCi1rmqs0pSOZwSJkiUe8xzBf9hwoe1flU5WsTqNy6OSKvO8o0dKHaO9fi2g4DtfBkoM7cInC8NNJkarnDp6MdrGGr8jsXHKHgmjWy1CHJnsFSMp0mnHrg4QaMkrNN4U3itacsJPLLxyz58rKfMmg5YFsDswxM65uhY-J9-ftpoL18jZ1TsxeASKHZy4yAloyMi21jVL-AG712F287d7jtV1LuGA7dWTqrlMrdWfjNAecoI_bcLMdIveZaYln4fkdsT0YxKmPD38czT1Qi4rK-9RN1bYYWbnHpDLiLtftHWK2-ddhUC8VNAL4hKDUWWJ15M329WQdmUf3VZzsZc-XY6grkwpP--etbN6YSpRtw&refId=b9feW7RN4mgzcB%2BM4M5teg%3D%3D&trackingId=nh50jt%2F6XVz4vdyrOd9wwg%3D%3D&trk=flagship3_search_srp_jobs
N/A,Transplant Application Scientist - Remote,"CareDx, Inc.",EMEA,Remote Full-time Mid-Senior level,"501-1,000 employees · Biotechnology Research","Biology, Biotechnology, Genomics, HLA, Molecular Biology, Next-Generation Sequencing (NGS), Presentations, Product Demonstration, Self-confidence, and Sequencing",https://www.linkedin.com/jobs/view/3928346619/?eBP=NOT_ELIGIBLE_FOR_CHARGING&refId=b9feW7RN4mgzcB%2BM4M5teg%3D%3D&trackingId=13xtOWeR4rXjQiBxsRPOyg%3D%3D&trk=flagship3_search_srp_jobs
N/A,Senior Data Scientist - Revenue Management - Hybrid,Pegasus Airlines,"Istanbul, Türkiye",Hybrid Full-time Associate,"5,001-10,000 employees · Airlines and Aviation","Communication, Computer Engineering, Data Analytics, Databases, English, Extract, Transform, Load (ETL), Mathematics, Oracle Database, Python (Programming Language), and SQL",https://www.linkedin.com/jobs/view/3814265897/?eBP=CwEAAAGQJuyygmDLOJcfEz6fdsDYzn6JyqISCyuSuyv7LRvm8quZPbD-dxZIF7JL3mwoYuorvGh9UsdwLnxOTyLLej49UfK4S69RAnc6z0LTDHbSV-tn8y6_DNI6oJ_IFpdMFpM0ylJURzJ65bdxT6e6y8A7liWiY7H5WAUtCU___ZfHlhFmim8FmUEo029cO4n2v008pqtFLQsFB6Gkub34rJcEFtG7DbScIlk488MHSMyExPCumF3mB09GYegWGNgXrNqoVealvlN5kwkLHV9iF3XFBhDUiNK9GzjuLl2-TIDUIQ3IHq5QRXwGOyjgAB9xxUZHzR91UtH82PeQ8gW1ER1iONzIpQyhErVWeEbh-DpOXKO-CpJyFifqiClEchB779TzAy_m3XVExbg5cZifEQmUWH4me9VgqBu2hmxL-glHTF7z88y-Xw0aur4A9GB775Ni5zkYQ9QrV8ZWMGrh7JD7M-dlrDCrWP-iKA&refId=b9feW7RN4mgzcB%2BM4M5teg%3D%3D&trackingId=7ilom5Oag%2FB5MbQClPWmyg%3D%3D&trk=flagship3_search_srp_jobs
N/A,Principal Data Scientist,Hepsiburada (NASDAQ: HEPS),Türkiye,Remote Full-time Mid-Senior level,"1,001-5,000 employees · Technology, Information and Internet","Data Presentation, Data Science, Keras, Linear Regression, Neural Networks, Optimization, PyTorch, Python (Programming Language), TensorFlow, and k-means clustering",https://www.linkedin.com/jobs/view/3832657924/?eBP=CwEAAAGQJuyygkriE8W_jEKCh18vANJl6GafiCRWpD-jN_ghbE8Q_Hl1oqft9-tHrQMq7_rxyxAP-3biTtzPwYR3OZo0PhWMFWPSqPoI9Y1OEvhcL7cvBn_p8Wa1FQ24WdLVx8OkZUmDE3lOTwCIrwgBr4nuXJ8Cw7P59B9QTuqcXicOyZE0lrjSJ4r9YWQ7sL8ca6L80aiRbet_SyMLwXkYi405wYrB1G6mKPxNgqFdchTsDGtffUO1eWdhc1ZqyPV3aJrQ3UvaGC9Y7XBPzANPQIZLAQQ3pRaEZ9yuTNstH9AVW1zagO-I2LtdWO94ZxEU0Y_syrvNSTI3pBHa6CBG_LpHUwOUtoDJXYrGoFPjDF6dy6ucTesF4psFkbmWuCp8setL3Ipl0Er7axdcOF5ygVwCnBplOkN9V_bNgPpulxlz0f8wTEPP4yr_C0eOQ1ak2XnokyRTCeqaKcgwBFfRyvvgqncZoObeIaaTE3vR&refId=b9feW7RN4mgzcB%2BM4M5teg%3D%3D&trackingId=DIfPoJ69UTZeyHbWyiAoPg%3D%3D&trk=flagship3_search_srp_jobs
N/A,Data Scientist (Fresh Graduate),Jotform,"Ankara, Türkiye",On-site Full-time Entry level,201-500 employees · Software Development,"Critical Thinking, Data Analytics, Data Models, Data Science, Pattern Recognition, Predictive Analytics, Presentations, Quantitative Analytics, Statistical Modeling, and Technical Requirements",https://www.linkedin.com/jobs/view/3943319369/?eBP=CwEAAAGQJuyygjujLMyUonphoEWJWW4yznSt8N9zU5zcUZGTfRTcWtlE8LUsAyBkNdE-SKoroGKrbcq-mN-eggFf_0hskw-i9n5PQZ-6myyBPb4vePKbaB3PZazvGPVW3MthJSl12oDvPUGgnAxSBWU1PJPyt7oMV_9dMFGv4VzBQZ7IwRr6agd5d_BbLQZu0u6GG27bYDiSX-AQ0JXuqXRRhHBZ3V8VavzNAfSOq-anzUggaimoDlFVRf6FytjI10gyqTikeaUsQx2wmBMnqkm5TyMM8qfU0XmHps9GhwnCdv8oJgkOtw2YqtAfg1d953VUbvkcaTvKjuUllpcfscbZUbBcZ3kREcCGF2AUljEBVXoqWFSf0gKOXVWD-I0uB6Lh5EItJdfnq5EhEywKhw9XU8QD3wM0PLNo6ohZpdv92ieaLIHEUmK_FajANKYioFOAhdHo68y7lQdYRXaGXOeiEdgJYntJNMEEF-PGiIrl&refId=b9feW7RN4mgzcB%2BM4M5teg%3D%3D&trackingId=XQDYhdzEcus6pErm3uS23w%3D%3D&trk=flagship3_search_srp_jobs
N/A,Data Scientist- Product & Channel Analytics,ING Türkiye,"Istanbul, Türkiye",Hybrid Full-time Mid-Senior level,"5,001-10,000 employees · Banking","Analytical Skills, Communication, Data Analysis, Data Analytics, Data Science, Modeling, Predictive Analytics, Problem Solving, Programming, and Turkish",https://www.linkedin.com/jobs/view/3931292844/?eBP=CwEAAAGQJuyygiNkuiUplDkRFSVw1QvD9dE7JgpQf0sIokeOLJVENGDSUgxsgBGhDqMTCdTWZQH4b4rCzqUMLdcez87BjUD82CVCESsmdwIzL2XagYfS3YgyYpYypFIRG8DM8cOjuj3-ezdqXDCtwSEZBTJ9aF9NSEkn2N5fZGTOlyEjTVBdWWqGOLktbcFGtoZRHPOA8UhXt4WdHFeaPUvYXFyWRvWuAhiJ_Cps8M3LaUVw-bC9YQ6gWJjNQTsyespqDyuuUcijYCNpFPTYQoRmszciggN31Pl8MFp18vOx4NQ_MDybAYkm9xef1ZbahvOHaCDOjDtWd_e40IxPucRyu959QRb_qTE2b563Pn-heneo_3X-U8L01dXbMZt6lTrQi08QuuLAbkr6LmJgrPvjDPbEnmyNbiQtP6thwy11QWLCBoUlHveqJfcB0NlMDq-feXbIaRh-MW0Sym3ExMogcztF0JKNeNdDLY9b4g&refId=b9feW7RN4mgzcB%2BM4M5teg%3D%3D&trackingId=xBsqFY78rLY7Zy6GZZ%2FIEA%3D%3D&trk=flagship3_search_srp_jobs
N/A,Remote Data Scientist - Python,Turing,Türkiye,Remote Full-time Mid-Senior level,"1,001-5,000 employees · Technology, Information and Internet","Data Presentation, Data Science, Keras, Linear Regression, Neural Networks, Optimization, PyTorch, Python (Programming Language), TensorFlow, and k-means clustering",https://www.linkedin.com/jobs/view/3871190582/?eBP=CwEAAAGQJuyygkoLalgTxwlXfet0kWMK_YMrfj6C-tpvRn5Xe9UHf3r9jdb71rzcrZ75NX0_xm0K9nvz4p5lC9d8WYoedBYWSREVsmi0_8xXNrix-9EqgzL-GJvw-Y5s3Q-dXLCPklMrs4HhYzvY4inVeO4I213Lkf7qemRyqZslcCDU33SjqoxLB3npE3ZNPDnY5MWt3oAo3YpePIZTiCHPELjQxrfKKZcT1PUVi8RmSrLPYDM0QHBUe0SE_BHKeTtIofTfAaZOwFgT-zPfF8dcZbk8WAVbc9H8MxvazjRSH-Hv4mEqk5y8KW9igSPl91Xg7MjU_mF7SO6uEpd7QDfBI9F7YCF-ihUyurLDSkwQNkGp_yjnhcrVHCkx5Aycmf4RPeXSwP42OF5Jg8D9Otbmo5J5KAL2gizMhgWTPNwRpzKvB4BatUScqiyIKVrEOXevk1BsD2El9lFYgLyZxjdAMxGzVCQbShnl&refId=b9feW7RN4mgzcB%2BM4M5teg%3D%3D&trackingId=GiHg9aRoep1JUBmnA2Th2A%3D%3D&trk=flagship3_search_srp_jobs
N/A,Data Scientist (Retail Analytics & Strategy Department) ,DenizBank,"Istanbul, Türkiye",Hybrid Full-time Associate,"10,001+ employees · Banking","Analytical Skills, Analytics, Data Analysis, Data Mining, Database Administration, Databases, Marketing Analytics, Predictive Analytics, Python (Programming Language), and SQL",https://www.linkedin.com/jobs/view/3931608275/?eBP=CwEAAAGQJuyygsJTy4nDXYyhk-d_xbmuboHADPGlWDmVNkTpDvH8UfnJ_FJ3o12pnBRfkcC8MBnkHHdlb-ErA710VTQxDO_FUYhrSWefAiiS5Xlg6R3oTsiKMbl2DxkipRCWEZDsZL2kr7BFLxb1uG8cjXXjXHFhTaRN2joTz331nBqlWW8ZC4reBJDMySB7mY76W-0mdf_-a5RIcVGoZnow4Ut2eEKeFrzazaWSq3BWTNhngSU9q0y_6qf0R4BF6JBhQKmIAK1a1iFqoLCEo3dO0eDzrf8fTrCzOQqT_vVB6AkLNl1mdi9e3p0evUOtZm52jjtfR5ze4U6HQ9yRRTn3-H8GK2xe9lCnnPShOfwmPWyOW4ciiitSAHtzeC2qtRFr7ejVbG2DpeCOdjFFtMYg__9MnsjQNw0drQgNhoUAg2wtQihUB2-ujM6lKSmMlypOBArWn_Wa_r1puI4X_SxvdnSUNLJ73uUhNJY1dlc&refId=b9feW7RN4mgzcB%2BM4M5teg%3D%3D&trackingId=A3ech1%2F03IejmN41q90Avg%3D%3D&trk=flagship3_search_srp_jobs
N/A,Senior Data Scientist,Vodafone,Greater Istanbul,Hybrid Full-time,"10,001+ employees · Telecommunications","Analytics, Data Analytics, Data Mining, Data Science, Data Visualization, NumPy, Optimization Algorithms, Pandas (Software), QlikView, and Scikit-Learn",https://www.linkedin.com/jobs/view/3866547823/?eBP=CwEAAAGQJuyygqJ-HTOUtmP1BPmNvqHpKnCleKzOZVwUprjzFHltCDojQaubNjx7bdyO9puAWcIFYcy3TAnk3_VMzLAzch3B1Kov5yKELsGcENoXuGPiCGdELam1O2Ta58pferM_piqHmGx-VvTVgNnubvdk0_Qu5d6sg2ccZXiGUUjrSCcaeQ6pPZfwMFDNC4FttmFIouLgxhDOblrcxviKqu3Qqn1hgK7l8Q9AAok3HeuavCU7fK9fShVnyvetWb1tDsQFk81sy3hyiygIro8PKuw7cLnUqltdsPBG5y_3qahtEbOVLEkDcQm5kBYSGlpKHOqC8wE7r8gC6SALmi3rOjOxfs_Pcxp7a8JDYa8gvskct-Cwipn90IjvYXSPEc8Ov1BxZXD9GuSMhRKPymu5nQjKyhgTjnTOT81sX7ODTz0Ssiu7bYBxQPq8rJTEWdGKSn2wERfHaLkm1C4ReQ&refId=b9feW7RN4mgzcB%2BM4M5teg%3D%3D&trackingId=nj8uzMjqt8d%2BgsoChziegQ%3D%3D&trk=flagship3_search_srp_jobs
N/A,Data Scientist Yapısal Risk Yetkilisi - Uzmanı – Yönetmeni,Garanti BBVA,"Istanbul, Türkiye",Hybrid Full-time Associate,"10,001+ employees · Banking","Data Science, Management Information Systems (MIS), Microsoft Excel, Microsoft PowerPoint, Python (Programming Language), R (Programming Language), SQL, VBA Excel, Visual Basic, and Visual Basic for Applications (VBA)",https://www.linkedin.com/jobs/view/3947017476/?eBP=CwEAAAGQJuyygjRiQ97h3oW_XbMcacNRfxmn1D5K_n1MFvZnrAzAgafK84Y2RzuyB7x48KC6aKc3RPBvYBKNSDx6Uu9XGNcbCRE7KMBAxkiVx_ecA658Z24Lz5d0oVbzKM7IjLL-rGSQAG8aol9UqX5I9IaFa9JBrHWrgZguewCj453i-UePcAAZzhYN7vJQlphzkxBUMVgCLDDbgV_Zim7f0wuqLUNYS3Ogv-7cbJhpOKGWaf8xcEj9g7j8upmgPXlriDMxcNHhb3XvlN4NfwxuZwb9FBi7-BnVoTWn-RMvdyC4TRNtxImo1kps8RkIOrpdXU94SJJnk9auAFHGg7baxpF0c47jqYjxx4qi-QTipXyXSpo6t7j1bbzgSgeBnIQGdu_R2LoqFAnEeEI668ormG6FPU5U0nBBvd5-bewALkAYv6Nzy9kmDsWGVLAAKt2Y&refId=b9feW7RN4mgzcB%2BM4M5teg%3D%3D&trackingId=hEeoiAwPAQdZUH7%2B%2Fs8MuA%3D%3D&trk=flagship3_search_srp_jobs
N/A,Senior Data Scientist,Deel,EMEA,Remote Full-time Mid-Senior level,"1,001-5,000 employees · Human Resources Services","Back-End Web Development, Data Cleaning, Data Pipelines, Data Science, Free Thinking, Natural Language Processing (NLP), Pandas (Software), Problem Solving, Python (Programming Language), and SQL",https://www.linkedin.com/jobs/view/3943545863/?eBP=NOT_ELIGIBLE_FOR_CHARGING&refId=b9feW7RN4mgzcB%2BM4M5teg%3D%3D&trackingId=lv8zukdGN2tTYH4AdVgZcA%3D%3D&trk=flagship3_search_srp_jobs
N/A,Talent Scientist,Canonical,EMEA,Remote Full-time Mid-Senior level,"1,001-5,000 employees · Software Development","Analytic Problem Solving, Build Strong Relationships, Data Science, Decision-Making, Organizational Psychology, Predictive Analytics, Problem Solving, Self-confidence, Statistical Analysis, and Statistical Analysis Tools",https://www.linkedin.com/jobs/view/3724262023/?eBP=NOT_ELIGIBLE_FOR_CHARGING&refId=b9feW7RN4mgzcB%2BM4M5teg%3D%3D&trackingId=uV3YYZnHkKQg2GxBLReu1A%3D%3D&trk=flagship3_search_srp_jobs
N/A,Remote Data Scientist,Turing,Türkiye,Remote Full-time Entry level,"501-1,000 employees · IT Services and IT Consulting",Data Analysis and Data Science,https://www.linkedin.com/jobs/view/3909301215/?eBP=CwEAAAGQJu0q7nuHYEZCmD7rUqWfcHq-qJVDnGabPAKUgfjmPE4DnlTjMeoeIJxXngxwGcNuR1yyTLCQYLKsr8cGiV0A7HHpTO7inc8SJNO0jnnJn9O8ojO-jbTk-N7xBt2kPUJdPHvpijFQK7a1lkk562CcLnm1ZDpSMcbOt7losKhpE3AqWQ6rg9K2inXNeSCKCfFLWpf-FMKXAw-7sMlTD7B0FskvdZeVO_a1USpOq2KNtXlMk1c2VOIcPPPThkJwSbiiuaEQoU9RVpBrOTLKVYN7ozvtrvLD5BTnKhTusHrR9wCXq4E82_FlwX5HdrOAjDo-Jfo8e0m-d6_RYvrOtjXLaj3GDhUAifogXGKgWmd6nCM3mPoETy_vdOzRtZz4GmMovzXHE1-yVwZFYgqNJZ2_6UARNeQeHoe9fiSsGt7tlKL-Rh7InWJy6CcREvPVDp_VvAkkofgBELfo6Y_bY4kUOyg9Cynt_Q&refId=yqGOKcg6XVh29GKFmpan7Q%3D%3D&trackingId=gMTlhwK4DVsa11TYVowHXA%3D%3D&trk=flagship3_search_srp_jobs
N/A,Remote Data Scientist - Python,Turing,Türkiye,Remote Full-time Entry level,"501-1,000 employees · IT Services and IT Consulting",Data Analytics and Data Science,https://www.linkedin.com/jobs/view/3871186990/?eBP=CwEAAAGQJu0q7s4RN3nDmER0DW8EJeb09B7Tde8EpSVxgQILR6MqShKuHDDNLRm-wRqSC9UG4TQp3ZZqIXhbE63y-z5JkMZ9CwvvFmUdh-8J7bQlKTLlGpncob_JvqLPl5yoXjjQpE-rDGNtaqhBLT3uNB0aE6HLPwhohZ-GLewKcXLKkNJq2Qrr8LH3c7cMIgXff2tHefNmHnefM10B_B08ykt24T0St1F5jPX5vgWLCeU1JsTsl95QPw2YOSFhCtrH0RAbrFFES5LeBy5FChjavk_HLAeJB6750DQ-2JHj03nA8UlzNK0rWusY_J-A-WzbRQZbgRwsGVx6CZG3tf0b5MVbBGzqVNW0imK_SOIS_znk3cSDdxhnHcX0KF1GDDTZjjig1-sj3IkHBIuzpmvsSKAKAdwLtrCdqqQwAeETpjC7HufpcnnSCyKHLrldvR-7L0ntz8M-oiIAQt9OUBxEB3RoGZFU8USObLYZzA&refId=yqGOKcg6XVh29GKFmpan7Q%3D%3D&trackingId=pILud7GIOaa%2BvlrRAtr3pw%3D%3D&trk=flagship3_search_srp_jobs
N/A,"Field Application Scientist Manager, EMEA",Olink Proteomics,EMEA,Remote Full-time Mid-Senior level,201-500 employees · Biotechnology Research,"Analytical Skills, Collaboration Solutions, Data Analysis, Data Analytics, Knowledge Acquisition, Presentation Skills, Presentations, Product Complaints, Skill Development, and Workable Solutions",https://www.linkedin.com/jobs/view/3889748576/?eBP=NOT_ELIGIBLE_FOR_CHARGING&refId=yqGOKcg6XVh29GKFmpan7Q%3D%3D&trackingId=Pa%2Bl9B6L%2By7Ks4ruNECAxg%3D%3D&trk=flagship3_search_srp_jobs
N/A,Senior Data Scientist,Turing,Türkiye,Remote Full-time Mid-Senior level,"501-1,000 employees · IT Services and IT Consulting","Algorithms, Computer Science, Data Science, Keras, Machine Learning, Natural Language Processing (NLP), Pandas (Software), Pattern Recognition, Python (Programming Language), and TensorFlow",https://www.linkedin.com/jobs/view/3873945994/?eBP=CwEAAAGQJu0q7hLbkG04AHE6wKiSKT64uFVvnwJpBMbs1t5vfnEK2GZlY2r3sCX-3MHf1bTR70EC5OlZK0aeOvGvLzzhQ0jVPcg0Jgm_RRnJDLf_QFzqlwBqjo4SJnK0vHMX7GVrk-wLgiT3nwmv1XhGSRTJAS-cjDxaFQT1z0EeDmy8C_uCmDRKLxb7JXbiRjc8R46zG4l5Zck4dvJpAso-nTEhrUAa4cVhlpWc1IAJvoRRTy8MO_6NrJ4l013i-1Giad2thvqeRyfBiRp5WCSn1YEyltE-BEyf6lX-zo47bkEAiEBNuMQRB4kxVjNYXDOHxJvVyRSSvSUPg9IPHsIlkkS58vRvQVe76N0cHJ4_njsqdJUkiCkSM01V4xDxDgKzOsx9jgdN2aONYcmLSp2eJKFmHNdzW_rKAPF8yfJf3tKZ-TS0YOqO3TIIkDmMFH8An-r6gLbcwhERDO9PT9zm&refId=yqGOKcg6XVh29GKFmpan7Q%3D%3D&trackingId=xrj6jGOhLSd9qCWaeEpkwg%3D%3D&trk=flagship3_search_srp_jobs
N/A,Senior Data Scientist,Turing,"İstanbul, Türkiye",Remote Full-time Mid-Senior level,"501-1,000 employees · IT Services and IT Consulting","Algorithms, Computer Science, Data Science, Keras, Machine Learning, Natural Language Processing (NLP), Pandas (Software), Pattern Recognition, Python (Programming Language), and TensorFlow",https://www.linkedin.com/jobs/view/3873949396/?eBP=CwEAAAGQJu0q7ln31pBJ83GXquftMCnvxmmetncNjIOh7PiEnsdNdH4hmNHOJY8eevy8cXiwyKJ9bM_bH-j7-3pOfGe1TgyD8mZJ-dMCFU0q6zcjUNARc18vUbknXYkylLugM9VxMClGoJFruUgG4aDtAVB8q1h5LNei6Pfop9eR2wgsA3Gm4-vVxT5hJ-tL60aqa0kR0rANWdi-5OoDORGEkf5JBAJHUJLyiQFpWtmED3wOoY_UwAP0Jtpay2r--D1T7iDzRfIkTo2DIlOZtHW8mQ9aS4RNwSnXblIMm3yHgO31XIGZt-Zx-N8cwVOp_pRPXuvKAOB17XM0SstVv1MhBwP-Q5T0-o-ycDUgMqaHi-HK4KOwLgcgQs_eDQwRN_RiiicePCjS2hQYy1hRXL839ex3LB6Csrx7aHJpsfaqXwfr0akwinl0EZqi1vI0aCvUd7tmakHK9KYCliydMA&refId=yqGOKcg6XVh29GKFmpan7Q%3D%3D&trackingId=NWLb8w8nQ6Fo%2B6F9vOIGRQ%3D%3D&trk=flagship3_search_srp_jobs
N/A,Python Data Scientist/Analyst - LLM Project,YO HR Consultancy,Türkiye,$15/hr - $21/hr Remote Contract Associate,11-50 employees · Business Consulting and Services,"Analytics, Computer Science, Data Analytics, Data Science, Drawing, Jupyter, Laptops, Problem Solving, Python (Programming Language), and Statistical Data Analysis",https://www.linkedin.com/jobs/view/3947159101/?eBP=CwEAAAGQJu0q7qh3UdQdSX1BCZonEY1z1mjDYOtyCgiSdGnEAibOYIhzRogBjNuXZNkSGPDs7lNVCIcES4n4ZGIaIaKAyOke2ObfNVOfdYsnfbQc_LIEWdhdvYCzPaAjaaIT9zL2tPCD7s0FvoKRtRvvebWbcnG45K1A7rxl8DUkidSmaghq3Z_96pxXQVt2ntoGZOPF1xX6UEpPEAzuM3GfKKBrdbFD297zNkef3xSCveEvnatNMatXNL1XP-ajpS6espwamphpctMcGgjwNw3LJZ6W30_nmIOe3kA-INKVYU88QBE9JQyrtildxeYeVg4U1sPc-ms5aNq6mWxBlg6MHBsC-pN7nf2j0ck8oUJQWgUKeUeC0FiyYJE0c0qvHgIfbErOAUVa49wIlU7K_UXOmTpechMroEiKLrYhi3fW4h5xxSfBmiFnJg0yEMNmL2dwL3g_AcoLwa2hTAm2_a10&refId=yqGOKcg6XVh29GKFmpan7Q%3D%3D&trackingId=ZBscj%2BFZ2GibSaSr%2FyvwXg%3D%3D&trk=flagship3_search_srp_jobs
N/A,Launch Your Career as a Jr Data Scientist with DenizBank!,DenizBank,"Istanbul, Türkiye",On-site Full-time Associate,"10,001+ employees · Banking","Analytical Skills, Case Studies, Econometrics, English, IBM SPSS, Machine Learning, Mathematics, Python (Programming Language), Social Media, and Team Spirit",https://www.linkedin.com/jobs/view/3949147234/?eBP=CwEAAAGQJu0q7mhoHBtRxRdf5qa8O6b6mEUciyMTn3pY1eZAaFv1-4ONVOxu_h9d5kmANLNhXaRpmWpFS3v6phW94_NPdCbbAkXNS6x1NjgW6sQMBzphQxzly6HbVLF7xM4fuVt_EBETJLNN2g2J-4AwTw7HFPjmWtz2W6Zw4jsZWADk4sE6MWseToVlrQXPFb3UfkW_bWs8JPJD7ng5uv6qx08vsu6tR5pyW6fGF1zYa_CFgYrFiEwdoVAr4Y9O2AIkEK5QCF06ae7umeoyMnEFhf2M1ovTxNDsIF9P3yjliTVzsLd5wZ4gsZZRbxrheySSbI781O6xDtw2yjz_nSIq0MZI3ITrvvKVkp191q_IbCtNpE9VJQTSlbqyhsQL6rLY_ti_SOnkKinXh923gWmVurnNxoO92aBXuCi3HxTZiXMpW8rCXFk-oKWXzD-vSw&refId=yqGOKcg6XVh29GKFmpan7Q%3D%3D&trackingId=BCgNSVvyWDPKMZDBo4Gf1Q%3D%3D&trk=flagship3_search_srp_jobs
N/A,Software Engineer/Data Scientist (Golang),Understanding Recruitment,EMEA,Remote Full-time Mid-Senior level,51-200 employees · Staffing and Recruiting,"C++, Data Science, Databases, Go (Programming Language), Mathematics, PostgreSQL, SQL, and Statistics",https://www.linkedin.com/jobs/view/3932979212/?eBP=NOT_ELIGIBLE_FOR_CHARGING&refId=yqGOKcg6XVh29GKFmpan7Q%3D%3D&trackingId=WeMBaVBA%2FBXJ9k%2B6pB6BjA%3D%3D&trk=flagship3_search_srp_jobs
N/A,Remote Data Scientist,Turing,"İstanbul, Türkiye",Remote Full-time Entry level,"501-1,000 employees · IT Services and IT Consulting",Data Analysis and Data Science,https://www.linkedin.com/jobs/view/3832596869/?eBP=CwEAAAGQJu0q7vdB29Sxb8MSdRj28fN1Dgwc2Z5gCPqXQhtd1C873ntMU3c5XubnKpRDmfyZiWgqJSJUybglHe5g6FUJ1GdMQCapfWcpPf-cE2CVxShJq0B7pPGLPs6fm6l8CcEqe_mfJY_QfItrdtREX5s7sgCDQG828dbl6_kEcgv8HzHji5ehvUOWMlTGKWlzAUvKGDvSI1MCuO1ujDmKTeZ1ke9o2HRHXILZY6iD-78EaJl4-Lnsny5RhBkA8qa6zNWQzdierweJvQ6PliB87sf6PzwIxoLPLegpM6Wh9u7DwOQu6zhUshaV4ZT2BWEmK2wquPu5tYwU4fyfjIn_5VuusbciwgYUm1dsHRNpZrl-iTI27bMdMwPwwrZ2bwFR-4-Zm7Jwr0EMtax_J_4SYLNrtoiWNaiNkCcjz3Uo3jAJunpqKOK1AgQijGnR8TuzuH2EXknu1dI-2jA1qg&refId=yqGOKcg6XVh29GKFmpan7Q%3D%3D&trackingId=JiC1vBmd8eQG7Cn82eObYw%3D%3D&trk=flagship3_search_srp_jobs
N/A,Remote Data Scientist - Python,Turing,Türkiye,Remote Full-time Entry level,"501-1,000 employees · IT Services and IT Consulting",Data Analytics and Data Science,https://www.linkedin.com/jobs/view/3871193118/?eBP=CwEAAAGQJu0q7oZ5fbklQLvkS0L9FOi3OHq7Z6CjxaxGxt2fAZ2QQwcsjl4UD7_GeGMGFx6-D5DxCDfcqQLrs5IMh8WE8NeKkEG4qhrYi2TtX3y815aT3BmbTHC0TDbxJ1O80i3Ltx8rHoeXLb0TKH324QQqjZnM93laV_4X7M6uI_NZ6hqPKG1vAhHxf9b9W1Q9-8axx9tFpQ78G2YGgJvyc1CNXOt8QOUbsporRMNiedm5JgQjENbzDg2P9tUCAqzNLPkMfR8_B5GBV5BCLjku8i9PbvaPPJ4OYh0t4LG4UC8GYfzifCNee4f8Uw-AKMB-Ww-HWR9t5twjwscWs9Gkgt8aQf6BO-7nVQ1A2hB5MtWgGeY7XQz2n1LENNRv4vduaCbmNzXR6BdD-AFannsu66SaS46x8-ZflE4tPp77zGM6O5rkHClbthNr4CEx8XWYXLwq83G9JDd9D_2qPVHU&refId=yqGOKcg6XVh29GKFmpan7Q%3D%3D&trackingId=xv8cIwGkOxW1qbHwn6iKkA%3D%3D&trk=flagship3_search_srp_jobs
N/A,Remote Python Data Scientist,Turing,"İstanbul, Türkiye",Remote Full-time Entry level,"501-1,000 employees · IT Services and IT Consulting","Coding Experience, Computer Science, Data Science, English, Predictive Analytics, Problem Solving, Python (Programming Language), SQL, Statistical Data Analysis, and Thinking Skills",https://www.linkedin.com/jobs/view/3818415080/?eBP=CwEAAAGQJu0q746RFqcDmX_8cJASombnFytmaZ5gvWjf-bCF9e1R5JHUZvidwbG3Ixy7oWLzHUxewdGkCz0TnTEJtjq2PhsgLoLESnn_WWM31TmLYalHOKvs8LMW0CVvd9mM-_IZthyERAHPVLF-lnnU1K4D0uK8REaa3nf74MJz9YO-YgFfbx5WxzGG1x1zS9nIyejh9vhGYyn_7Mc8XOK-GOXYqkJOVSBuBRiGgDDmpIfGLnubdIrN9VZFobw1L-VX-T0husZ_ARvWFZfIP5n_PyS8jC0jiKel7XL-XoLcbioi4TnjuPk9vUA5qT2i9ph9o-Jc6MyC9Flal1MtzABU8TQf7hZTM04Ubzrdabg3sSDpET9nI70Jr59ndgOW0EAnbPuKMSseV1vHH1sS_p54QBtJ7OWP3ads8ShLIBkxzJo-zFIW9NNVjng1-ynnlF6CgGPg3CsrXGqHHQ2JQYTM&refId=yqGOKcg6XVh29GKFmpan7Q%3D%3D&trackingId=OgZUFThANBVqTCT26%2ByQEg%3D%3D&trk=flagship3_search_srp_jobs
N/A,Remote Data Scientist - Python,Turing,Türkiye,Remote Full-time Entry level,"501-1,000 employees · IT Services and IT Consulting",Data Analytics and Data Science,https://www.linkedin.com/jobs/view/3871191562/?eBP=CwEAAAGQJu0q75z4TuoEpZ3PNyBajtp9e3MqDWIjqDVc-IkVgXZrTbi_Upuq3T4ootoXROzcXYWgKdhA3D9LGulHbj4caTkVYPMbRWPHXImifHPg0WlaL-ldPuO5ofopcW7J36DleBbgmsuDBnJFCqOVxZaxUkE_yH2m8EqK3q9ABQH0zAvl9-rCSR0ayKuWxlaMA1LJrdSNsbWYbQdab1djUYjCQIww5WG4xVkNcLALEq2jZncq88K_MY30baCE1BEEttPpL7K5kl8wqmWTkJ2wIzM9gFMAinageINGamcVn2EVTtltTHJVMZaC2DFDrHZIkwzVPPEuE4ID64R4d371c9_sb0LHAoPg4oXnF4tkf1On1HGVo0-CszTGxGv8I7nTnUjvfiNwkdw-muKeDmTHamoy8HQjYRaIStNrWejfKfIqqMW2mAiPPJ9yOKYQ4LvwX0IaONCWYO50X41MBsSW&refId=yqGOKcg6XVh29GKFmpan7Q%3D%3D&trackingId=c6fvPRtohko9kzhlhNvxgw%3D%3D&trk=flagship3_search_srp_jobs
N/A,Remote Data Scientist - Python,Turing,"İstanbul, Türkiye",Remote Full-time Entry level,"501-1,000 employees · IT Services and IT Consulting",Data Analytics and Data Science,https://www.linkedin.com/jobs/view/3871193568/?eBP=CwEAAAGQJu0q72TD06ApEpVO0VYGTUO4uMRuWuxI_N8M7cm2v2S9APQB3IqWiWILC4-xOJumx6nB1n6mcMbV6BQQmFw1x8-1ElCPfFpcK0XQO8dET-PhA3rnCpyVVwxohTEj4wWlQXGvRBBNqW7ZoT-C7-_lAV-yksj1M2en8ce48jp5OP_1f3O92Vm1s1t2TAE4x9UYdK5wQ3RdWWL9sGKNRqqwrXFxfrzmqFhc6sDtrQDPR2TIcgpCzSfPbj6g0qsMY1NmY8Ur8p4Fpl48pJ4sPX8CkqDSY43dLvkqsyH53XnHeGhOxynXefU36KwyM9ZsQBFvISbE9J0409lUdPeKUpxyziAVLyiXjrXAbiqE4KNqYdr9MK57UXkKMAHUkiukPIOzi3ZqGVRxyLKfFo23fBhdXn1eFhB0qGBsOeeMKwSDTo67YCuKu6f-Fijd1fdBk512TKSVrYUTM-7rkQm8&refId=yqGOKcg6XVh29GKFmpan7Q%3D%3D&trackingId=0J%2B2zEsrjgb4ODDO3UIBnQ%3D%3D&trk=flagship3_search_srp_jobs
N/A,Remote Data Scientist - Python,Turing,"İstanbul, Türkiye",Remote Full-time Entry level,"501-1,000 employees · IT Services and IT Consulting",Data Analytics and Data Science,https://www.linkedin.com/jobs/view/3871191370/?eBP=CwEAAAGQJu0q76hz6xPwIM0DYk2UCRqT3xReHeEmpWQqL7n7cB_x1h4LaZdB5LFj4A3A66ZsWnla5lo-MqclyIUSJUFEnkXjUZmmtcX4I4oSS52iwzpcq78SehTrS7aJuP_Vp1o4CO1QxLY716HG_pe1eejsIbvnxn1xlGoM8GL_xAwtc5vX7aNkLbiInxNU5FhxllKjYJ028NKBos2gQgtwhoNZSJM4WYN7Nv86KVX5l8DxpFjlqqdJazGc-v6WCnRNiDF6o9OEFrRWmx-dwJ4i1p7uDCwU9Hy5PUIisRw7kMHo2AGxh-cfh5CxthZO7OnjGQ13JkJGDdKMmqYASsrt4q2Lufo9UWgFkK10WDCF4vJZY8u8m4fGiGfSsv17HeW5OHBdOK_IbTYMiwq4cBtuBG_dBki_XAJrPwW6UD8x51nxlkCo1cXA_Z6P14Du4bvYT04JQ5a04u1lK3aMVFp-&refId=yqGOKcg6XVh29GKFmpan7Q%3D%3D&trackingId=tAnYnlvomRlFMu7KTj2fQA%3D%3D&trk=flagship3_search_srp_jobs
N/A,Remote Python Data Scientist,Turing,Türkiye,Remote Full-time Entry level,"501-1,000 employees · IT Services and IT Consulting","Computer Science, Data Analysis, Data Analytics, Data Science, English, Jupyter, Kaggle, Laptops, Problem Solving, and Python (Programming Language)",https://www.linkedin.com/jobs/view/3818414114/?eBP=CwEAAAGQJu0q79Qlfjemaqt21sF2zjOr5RACMS97SMtGsH9uIIJ6MmJPsPVeEWn-u07uB11tLJvn4GtKQbKrD1H942Gzb03cwZ8Zo7MiWP_UY8GT0BKGLwy-tym4I8ZqFnHJm0hYhhxeToLYE-STwcbAzrk8Tmj4G119J73Ol39Osucs8M_scghTR1ToPrxQ4STFy-ab_fdRnSxzuOw6Aqm-L3SNg2QaVH__x9l8TYLl7CUo53YqjD0IrpDgsz7rANU0s2tx_h_-eZOKGFOQfFwhl_EtZZIyIvTQyAQqophybM8lohKyQlKhQz_sNyUL35jkiwOnC2cFuXc1mqzFyh8pJzh8oU4l-PIIHYarjW_tW7dRk6nzc1CxU50eSOXrE9BlYHbvXaKT7L4V-MWzADAfJziUuSTN8OJspEkUTa770CWzaeo7FGG2hy6oQiF8r3_kmNgkV2qQQ9XJ-PhOeN58&refId=yqGOKcg6XVh29GKFmpan7Q%3D%3D&trackingId=8u918g8oBEcboGdUijrK7w%3D%3D&trk=flagship3_search_srp_jobs
N/A,Remote Data Scientist - Python,Turing,"İstanbul, Türkiye",Remote Full-time Entry level,"501-1,000 employees · IT Services and IT Consulting",Data Analytics and Data Science,https://www.linkedin.com/jobs/view/3871188702/?eBP=CwEAAAGQJu0q7xyrXVQzV09vojGxaguhmshbaH_6ZndS9t0QWKk2hY0rELYkFmWXn4RZMFctC9kABMf5qowlD2y7WJmxW25FPa52S2cDdqE2wvbya2ROa3qrcy2GdeEw5taO3Z6XUfowjIYg0TENNHFJ_hDikNY4SmVoO8-iTwogeHYgeMeNIxXdVjcRWFM7LdIA5K_6KYs4zNj2Bwxj6r8Cs7aLg0UDNJ2qpNCW-uaZUTQ5tSKxvH2nvcfTfGZdUcs1kt_fUXIIu20I7CH_5OcajTatGPRqXAFhDLtym6e-vo25fLSaJ1jcmZkKMx65B9Bv_S76I5OAT02oSgL5cqntY2pAEMjlBkQDJZg9utQQWV_MNySrRFbzBN_1puXU1fqZJF8530HQsLtvMB-LXktVaTw8rQ6XNLdpfeefTGdoD9Ihm1SGO3ZQLiePrCLzAvaZlP-0KPzMKBuSp9iAMEQI&refId=yqGOKcg6XVh29GKFmpan7Q%3D%3D&trackingId=Od23dz%2FnXQx3NYNiMF9Pag%3D%3D&trk=flagship3_search_srp_jobs
N/A,Remote Data Scientist - Python,Turing,"İstanbul, Türkiye",Remote Full-time Entry level,"501-1,000 employees · IT Services and IT Consulting",Data Analytics and Data Science,https://www.linkedin.com/jobs/view/3871190641/?eBP=CwEAAAGQJu0q76_O10O03avxwxgPAyXALT5uZFfHZxLBx3WLgMyE6IK0IJJrjSImGWHQFc4H4Ee65sTGF00SqPwh4sgU3LoK06iWUmvUiluNsSggzNnBFbwAvWTx94r7My0r-quBGdbKPtwhEA51K-e8XgqyjgIjfZhvDk_xHggXHuUNLwT1jET4LRPHF3a9xjjKwPkyN2nv6CHHtrfgn1O9053bTFJp-ARVXenlEgNg81w-4JoMt7t9iHfLp8n94Sftv0bS74aNM4yZdpfJyKgfDNhXjLIve_H_DfUSSTV1mf4sUf1wKZ7lhDlyFnclypbumr4EmhiCpWsK8nQTHD0OxoF2ookvhaRFHuCdoN1XhHt0BJcujfROJ9bV0BFOODvZllBw_2yq7_SqNgBR7_eWL_lzWEbYYKS4KQMP1ZZbXVrLmNeznxLxf3SJFvUawEbLVQoPVPRAyAM2IG5EO6Rl&refId=yqGOKcg6XVh29GKFmpan7Q%3D%3D&trackingId=wNCbQhnwQnz4oPLZ6AWGFQ%3D%3D&trk=flagship3_search_srp_jobs
N/A,Remote Python Data Scientist,Turing,"İstanbul, Türkiye",Remote Full-time Entry level,"501-1,000 employees · IT Services and IT Consulting","Computer Science, Data Analysis, Data Analytics, Data Science, English, Jupyter, Kaggle, Laptops, Problem Solving, and Python (Programming Language)",https://www.linkedin.com/jobs/view/3818409761/?eBP=CwEAAAGQJu0q7yIfr44FOXmiX_ObH_qvP_5RKuNxwwWy6e0MA1bgLyOKUF_vdKT5RHfD7by0bA8x8ElX3wlFmDWUThY8pctvhrbUF1ca9tLsDFgmQd80deDLvhliH_2sDhPwPVISe2Jbz82Rz0QRe6QuC8cxA1A6qPOUp8uwb1-KzzRF4VzVCu7tUuVGeFFHADSoJobE4-7tGfM2WRq164y-BCLC937O6RBKu8Spx-3-_TMKhIKb72B-6yN4aY2pcILLDmItEb2a1D8Re3AgTnOyc3Q_3cY3DWFTlJpTYqubRx5eLPZC5yp1VBgl7KJe3ZXCGDHQDGhxh9izZE-KlKZJyYuGkb7HZOv1mbP2oyRoBx3mvCk2L_ii0QVPG5hC8DQRdqZeH4RldXyRaRXeNtaObqmowreaaMhXa5BFRBrAoaYtY7sJlkxD9Y6StH35aFmFd2nMPyhLJcftksLn7H9c&refId=yqGOKcg6XVh29GKFmpan7Q%3D%3D&trackingId=8ewHEP0tSzjQPMlth%2FxH%2FQ%3D%3D&trk=flagship3_search_srp_jobs
N/A,Remote Data Scientist - Python,Turing,"İstanbul, Türkiye",Remote Full-time Entry level,"501-1,000 employees · IT Services and IT Consulting",Data Analytics and Data Science,https://www.linkedin.com/jobs/view/3871189718/?eBP=CwEAAAGQJu0q72znlemdZsVqUQYfJHThwewnmiWO9TAvcNbqA73Z2w5WyRX-QCZvSvb_wDnH1UU8d3Lf84sj-lmnITLrAUZYPY0bCVmZITXwXfFfhJEkpCx_9be2Qa78ziHWJ_yCt04-nax_voCHctdc4fm8JHdik5lDJhLxKnbTlmyXCkr3FX8KkU2Olnd-eQC5OpXuhWC7XQ2xVPHZhmN7QW1U65evPWJnJyVERzItaQacBJKPpi9zItSSmmUQO281q0-qo1fLmrIbufdvwNXNzatdNr0fhwAT2g3M6omGx8duhp3SHKIG-YpCiSJ9Y9gElw65Tei8d-ErYNUBfPQNBE3zcB0DGuRzjtJS4NB-HHBAUFu1EkmeO6PbWVPyQVm8osWu2AP2ljTjfDisKgQ4J17iqprwkmBTYv85LZ1wota7HjqsBs3ZXfi5sE3WuvpySlyItMDRBaa2TOucKmz-&refId=yqGOKcg6XVh29GKFmpan7Q%3D%3D&trackingId=0XZaZUVU2aWyu5zz2SrPPg%3D%3D&trk=flagship3_search_srp_jobs
N/A,Remote Python Data Scientist,Turing,"İstanbul, Türkiye",Remote Full-time Entry level,"501-1,000 employees · IT Services and IT Consulting","Computer Science, Data Analysis, Data Analytics, Data Science, Jupyter, Kaggle, Laptops, Problem Solving, Python (Programming Language), and SQL",https://www.linkedin.com/jobs/view/3832597414/?eBP=CwEAAAGQJu0q71rdCnWhNnqSC2gjUGIdYyrnjxQlGohElirqSJyHJ9JTdXjRpx8LA4XeUJjKIbJXjjwsvFq-PHwPiRl4TddAv5zcZwEeDyibd42b8N4nQ6kJzI5yRLijtbNq-S88qOwTebAoi71q9wB8BIu08GkMxdZMLAzFDxFuVFAZtzZkclvKj6aXuxW0rijFVQch_vLBaRfh22htJuzuoVcw4_BY-GPRyh77-BY7ScLYi1oUKvKJ5af478uiR6SqG9rvzMB1KTpty2Fcw60pxtQTfXOruSV-_Rc9ynzSUm2P-q1ZG9c0KuzesNlbEM1uRXcfC9Phe0EBawuuVmRWPhgYlCOpsDAec8Lqw3uC_IV9rqaFYdsQGgibRfDNoQI9L4AZO07-XE5IiaiLmxDJIiKSi4du5OZPXtuZnIXDu688vz_H1rn7U5SqyRAX1Ny6nU1xNhgIdfGgs3vnqBRH&refId=yqGOKcg6XVh29GKFmpan7Q%3D%3D&trackingId=qzJfue3EktHQviVyd33Grw%3D%3D&trk=flagship3_search_srp_jobs
N/A,Remote Python Data Scientist,Turing,Türkiye,Remote Full-time Entry level,"501-1,000 employees · IT Services and IT Consulting","Computer Science, Data Analysis, Data Analytics, Data Science, Jupyter, Kaggle, Laptops, Problem Solving, Python (Programming Language), and SQL",https://www.linkedin.com/jobs/view/3832802051/?eBP=CwEAAAGQJu0q731ZcSCSdlABnrwtu2hOZi6Jz3qr4wLs_mbvtH1oYJZWBmQTthBaqJPyYGeaitePaOPvZqwIlcw_BbkVGO8spOpsG7Vg_ywXsFrMSJCWmXB8X4cgPxn6pzu_aY9KM0IVXPyj7fcHABBzVhH5pROt6f7T6RNJ0cEkL3m_z3Yr1sh7vqk5f_IgsC0ErVJXZhE9klXnuTdTRuDemG2XIv9ZJrU0cXOXtD_kp3C1Bsawgt1SjArH7aGfimJsFMn6ix88lkOIeJuEETCOMrWXRWCPIjO_mJipC3iCnzEd_2FXmUuwPkba8eK29zcBFeoeRYT7bOngPDlnQ1RWXblON4fS6tIR4lYO8Wp4lwwXT8KSQkzuSV2hZRG_SaRl1aG5SOEga3jYiI8n27M9DtfOPrNCBkiDcOVhzCSKntEOJb2c_-i0c9_YdVNF6Zk9-JMEyGJJ75Rw40kNdQy6&refId=yqGOKcg6XVh29GKFmpan7Q%3D%3D&trackingId=KP3JmQmBO8tu5ZFmhecTCA%3D%3D&trk=flagship3_search_srp_jobs
N/A,Remote Python Data Scientist,Turing,"İstanbul, Türkiye",Remote Full-time Entry level,"501-1,000 employees · IT Services and IT Consulting","Computer Science, Data Analysis, Data Analytics, Data Science, Datasets, English, Jupyter, Laptops, Predictive Analytics, and Python (Programming Language)",https://www.linkedin.com/jobs/view/3832800185/?eBP=CwEAAAGQJu0q75kpOMeMhKfZivrOCbV9bxaUXiDAe7pnEu9KmYBg-NUif0IRuYZSXT5XZq6Rhmem0bsKdJajGnyrFH0k8rtY8X43lHLaCzU2GHGy7f1REQd4f4tI1tiotf4BeKyA7uhOWXerVFq7eyq_WAdHv8nCdJITHmXVZoBYOHtaD0hFM8AHMZ5_7dJ_VkW1xhz96ywx7GaAs5P5ZsPKXG-uuMpowyuiadFFIkrBMpxZInij9MSoUEERRCEjPQnwB7q9lNWFQJvmSPfzT9GJCePuARQg_nsysHkZPxZ2WbrNegr8aEYQRrNlXaVWt9klBJOVkX5UxQUxOnDmhTbgefbTA_vUp53_pg1SLSTWTAQDlP6mUoG5MFX1Tz1kGiQB7kcSQmd0LzFJKao9izCcpJnyftr1WBq2FssTE7kH_7OquSMDLGE0uuWg4JKVE3bXLWG_WwPtNcPdogsvGsA3&refId=yqGOKcg6XVh29GKFmpan7Q%3D%3D&trackingId=8ZnXqnO5w8GkRuhGLEFRaw%3D%3D&trk=flagship3_search_srp_jobs
N/A,Remote Data Scientist,Turing,Türkiye,Remote Full-time Entry level,"501-1,000 employees · IT Services and IT Consulting",Data Analysis and Data Science,https://www.linkedin.com/jobs/view/3941959926/?eBP=BUDGET_EXHAUSTED_JOB&refId=yqGOKcg6XVh29GKFmpan7Q%3D%3D&trackingId=9XD3WjVCiPbS2Bc%2FNExj5w%3D%3D&trk=flagship3_search_srp_jobs
N/A,Remote Data Scientist,Turing,"İstanbul, Türkiye",Remote Full-time Entry level,"501-1,000 employees · IT Services and IT Consulting",Data Analysis and Data Science,https://www.linkedin.com/jobs/view/3832801089/?eBP=BUDGET_EXHAUSTED_JOB&refId=yqGOKcg6XVh29GKFmpan7Q%3D%3D&trackingId=771TtDt1E7QGx1w4xDTzkA%3D%3D&trk=flagship3_search_srp_jobs
N/A,Remote Python Data Scientist,Turing,Türkiye,Remote Full-time Entry level,"501-1,000 employees · IT Services and IT Consulting","Computer Science, Data Analysis, Data Analytics, Data Science, Datasets, English, Jupyter, Laptops, Predictive Analytics, and Python (Programming Language)",https://www.linkedin.com/jobs/view/3941960925/?eBP=BUDGET_EXHAUSTED_JOB&refId=yqGOKcg6XVh29GKFmpan7Q%3D%3D&trackingId=dl27FIfA0kehPEMEhmxhLQ%3D%3D&trk=flagship3_search_srp_jobs
N/A,Data Scientist,Turing,Türkiye,Remote Full-time Mid-Senior level,"501-1,000 employees · IT Services and IT Consulting","Data Analytics, Data Cleaning, Data Manipulation, Data Mining, Data Science, Data Visualization, Matplotlib, Natural Language Processing (NLP), Predictive Modeling, and Seaborn",https://www.linkedin.com/jobs/view/3792699505/?eBP=CwEAAAGQJu2iW8Vog4ZgLi9TGwKo4J-ZPBB0lSs6jj4cYHGPk8jQO2ey3huAE2ltI6XT7mIziwQ9S9euFg7w3g_USqLZBTgrnll1gUq-RjoULmvIck04py7drdE9rNHPF1yCVHPSGJVdojfX20Ww5SGs5fdACXORiLbq8Ol5cQAbfJ7hjbATYwOzP6y3mRXeDkqq2dsk3BtvFsJ8eTqjUkSxAJihz-E14M1aB8s-TtLhMkPSn0VfInsgrbss_aEbBG75K8-4NkJtyBprS4o8r1pJkRaRwN1e6j_C4VWbQOd4FHhBuza4a8BF6Nx4djdT44flzKQyy9HB1VY6loIyZJ8-yUrk693v3HIfQWdSMDLhSc5YxoGf01jrWYWXivIdyLn7ekqI332ScTeLs-kLvPyCAE1PfScPELEWu0fIhDBPlhtc-XWrPs5kzmIfKwGTvYv3PuBSLRhbqv16sNpZEcDo&refId=Aqif0JdFfPA8BIRPZq9sdw%3D%3D&trackingId=8exkoDf%2BcLZRM7WAaL%2Bi%2BA%3D%3D&trk=flagship3_search_srp_jobs
N/A,Data Scientist Lead/Manager,Turing,Türkiye,Remote Full-time Mid-Senior level,"501-1,000 employees · IT Services and IT Consulting","Analytics, Communication, Computer Science, Critical Thinking, Data Analysis, Data Analytics, Data Science, Predictive Analytics, Statistical Data Analysis, and Statistics",https://www.linkedin.com/jobs/view/3779187978/?eBP=CwEAAAGQJu2iWy3U865A8Ga0mQhfxycmYtQcF93ygn8yl5Xez1shQkX6EDmMe11qXSVRdKwOLq-0uWXawfznGDzFRc-XscdKJiBUXQf4gBtapkQhCxghf8gJ53FKZHYevhSpyvkG7a0J6RZPgf0gnC0GQodwtLo-P5ZI_DsrP4Oxpu91CpepxVxiZsrX2XGNQbEbwTGbvEORvWIQ2I2SDcBFWOo3pYy_4fSzxg7JoodNcw1PrSkdzV_URzIWq8Wc7ylPWWHFZ6qoSjXwiwMHnaamjjOVu12ClBnK7rd4X-gZVQ87t8pWtb5eTqoSqXWoj5i23xyDuhM6Ba4FeCnJoUoV1Vv8Sl4xYocAIUZIuVtLwii9qRypSdi5TnhO7H5i-b-_Z91ZXuxbH90hJ7Uk8h5kEMIOWCk9qeE8EJg_5jK11Hz_qYrXfYDAutMKjGNeShCzTc6aVb4_N5gW0uqUqPTX&refId=Aqif0JdFfPA8BIRPZq9sdw%3D%3D&trackingId=2hs%2BXID08BfmAZS6rrdXEw%3D%3D&trk=flagship3_search_srp_jobs
N/A,Data Scientist,Turing,"İstanbul, Türkiye",Remote Full-time Mid-Senior level,"501-1,000 employees · IT Services and IT Consulting","Data Analytics, Data Cleaning, Data Manipulation, Data Mining, Data Science, Data Visualization, Matplotlib, Natural Language Processing (NLP), Predictive Modeling, and Seaborn",https://www.linkedin.com/jobs/view/3792698554/?eBP=CwEAAAGQJu2iWz-4RkpO3KdLz9EFVkzqXIgYkJjI6a5ToGbHHZf15DNrKeq5YH7NKmLGehdhGhpP1lGUVobfP4TVFR9CUz8g8PUHlROY7HRYBoy2lA3oIOge2_HVTy1V_PhTEzp5om-32DTBqm9P390w8AVhJeKYCCSwXhNHyahTszDQLIPSXqA7QGrIdOjzWZBseBgUFm3n2JszDCQMQEDgoxS082SfN8IkJ0ogh3Okp6FH2ZKPNbVqJPWO5s9cNs9xvLY8LjwhXUCP-bPxTuS5HcHOILrZJQakLt3UsGG3eCgHUuKUAL58qE5__sB8XHeZ07l6eD15PC2w6Wu06LoU0VRFbC8HN5C5e-lHVR1I_XrWxQqPAF1w4XHkEnXV10zofAdGnnzFAtE2_B79IZ2XaTb44f6dS8gAe07yaO0jKFL72QtminpkzIWXWsRejh_jKAMTlRemnDS5eYllw5n9&refId=Aqif0JdFfPA8BIRPZq9sdw%3D%3D&trackingId=rtf393Ai%2B8tZCZ9nsHyWWA%3D%3D&trk=flagship3_search_srp_jobs
N/A,Data Scientist Lead/Manager,Turing,"İstanbul, Türkiye",Remote Full-time Mid-Senior level,"501-1,000 employees · IT Services and IT Consulting","Analytics, Communication, Computer Science, Critical Thinking, Data Analysis, Data Analytics, Data Science, Predictive Analytics, Statistical Data Analysis, and Statistics",https://www.linkedin.com/jobs/view/3778359232/?eBP=CwEAAAGQJu2iW4cUpft_ud-dHvi-XaLeU8gMK9QbWjCQWNBRcuDCiI5ajf0-hyLaBYXsDYdkFMZcoOYgsX7Icsa61slcyz6D-hw1CMm7uavuPmF7dsTBqHwx4GpTBYmQptuogWt0an2ZWzu5Y1UJKYFWqqMCssxGbD5hrbqd7-8qEw40jLt97De09ttj0-JTMOxOG9gj66KVc39hkll5Ph_4-n8w978rxhONzSuSd_pL-DXsXRQoKa8uPQbH7sRSI6qZjpy2wmtjqq4oBRb1E61aSTzJ1t7UaTyRjRUlbTfTZNjgzBlzR9ubu_3s8bj4uV5F9If_x9q9kSc2yKo9EfPHCLlSyzpqPVlZtbvf48DuvhYFsisBWFvm30yIgUYphaHro6xQ9AK8x2iPdTleizybufGwdh9OQnBdlMpBYx25Fsr_xbbJ5jw11lBoUBCiEAYpac6-yjW2IzVJOn8679Q7&refId=Aqif0JdFfPA8BIRPZq9sdw%3D%3D&trackingId=b88iOJBVQguy6pkoTLl3GA%3D%3D&trk=flagship3_search_srp_jobs
N/A,Python Data Scientist,Turing,Türkiye,Remote Full-time Mid-Senior level,"501-1,000 employees · IT Services and IT Consulting","Analytics, Computer Science, Critical Thinking, Data Analysis, Data Analytics, Data Science, Jupyter, Laptops, Python (Programming Language), and Reasoning Skills",https://www.linkedin.com/jobs/view/3782768889/?eBP=CwEAAAGQJu2iW1WaTrYkwA4FL-HJ_jogxNa8CGhWCzFHkPqUyz4FwXThuP1t2mnrRTEV91df2tJABOUI5--d-rPF6M07ucL5HgR_wyaw0RrjlE1CReCtXiI9H06HuuD59_JIvintaYJjp3d4kiiJubFt3-Mg2bukqUES2utlSptT38GyTQQXjMi5d9sE1xg38iyo6dC4-553WeRqkC4auAdlVCdOBqJSt8406VUIDqE8mnu-vaySLZovHeyFV77sfFNDzANEm4rFGwLJqbJsyYAQDmpqVqAJcrLdJpasxY1T5rj2nd5TfF042sDbat3tygF5yVYeMCSqlAiyXogdWZu30IIP0ajJuQOqPTJIee7biLUo9KpR44ob2yPt1mCPyYao6poz6Mt-QKZr5Uh8Cac4fsgJWH02bgwUz30NuNWUIfTKMu5h0mpotD_C7a_ndp8YEn9hRu9aNj9nM8BM_h-s&refId=Aqif0JdFfPA8BIRPZq9sdw%3D%3D&trackingId=a3j3hTMA3djmkJaipUIZYQ%3D%3D&trk=flagship3_search_srp_jobs
N/A,Python Data Scientist,Turing,"İstanbul, Türkiye",Remote Full-time Mid-Senior level,"501-1,000 employees · IT Services and IT Consulting","Analytics, Computer Science, Critical Thinking, Data Analysis, Data Analytics, Data Science, Jupyter, Laptops, Python (Programming Language), and Reasoning Skills",https://www.linkedin.com/jobs/view/3782767952/?eBP=CwEAAAGQJu2iW2JPJogvro9a4RKm0IXedwxuN9bRFWj4cF_t-avlzOqge-ua4zzD89rf2hsm0xszROM8brW0tEUTM-jt_9eU22-zvXpx0LZsGt3jDseykjJkwztixEae6Db_mVZjCs5nTtsUdBcjPLsgmCqcbujYljKHLyJLwTB05Vzize7Pw_Nv2kwTLe0rHCHKnqLjEFtRxeWyy2hLio71u5ssvzxnnz-TIDcV0WZmbJqSj7Z7sJJe3jSEeL9lKDldoh4-wnVY0gdcmVzOByYs8lTqQLiJS__qLKkXbC1u8EEvGV5tXEY4nA0OVRX4LUjzKAcDLraCnFeJJu3OsOBlIPve-aMgkq2vTpiqNmOJGOyaym9vJu-6hUQSR1ynGdCtLLveJZ59SloPZnoKjPFU_RS0V6hmc7uKc5VT6c7nHkGCYF8y0ZgXhXEB0wHmOwS7Hv5_olUahiWE8Y3llQ&refId=Aqif0JdFfPA8BIRPZq9sdw%3D%3D&trackingId=GKidxdWEYIE41JZYfjRGtw%3D%3D&trk=flagship3_search_srp_jobs
N/A,Remote Data Scientist,Turing,Türkiye,Remote Full-time Entry level,"501-1,000 employees · IT Services and IT Consulting",Data Analysis and Data Science,https://www.linkedin.com/jobs/view/3875219564/?eBP=CwEAAAGQJu2iW9HtBogRELUFGdrh5_wId2Yg7agEMGlgqYr0PB4YeNb9s7C7JXCUF2wVqCYcw-fpWOE_hwtl7MbSt4t3DE9yGwoinaRGRERwzoqJsezMbqU6-4jj4Qi_phKd_wgeB_o8FsiupdbnEH_-eNb97NI6m1UnxevV69RbFjlJmpIj_a-1WqK9ssrFu3827aeSxtzuyIC9f9HFTjq_wTOF1nVi1avhgDi2mgmt-XSEUWhBpfEdDGTf3mD_Y4DkrdjILPYkMmpuBMBHlhaiy6-Hek_yLqPODo-ICJddHKJOViFpJeFowy7aNjvr6GOrtIkFXo2uK7o6UAvm14rXbp6GXH8UwZlQwDG47PWWQgdc6QDHwbVZ8NArC-A3AiL5Q6dphJWomYUrkkCiJ7xFa2uQCGqPBBXk_VoixSN-wrfTa14TBfleci6gAJTcehd9IVfa0VhDLQmwNYdV_xpP&refId=Aqif0JdFfPA8BIRPZq9sdw%3D%3D&trackingId=klTpHzp95YZ74gx%2F9lfNVQ%3D%3D&trk=flagship3_search_srp_jobs
N/A,Remote Data Scientist,Turing,Türkiye,Remote Full-time Entry level,"501-1,000 employees · IT Services and IT Consulting",Data Analysis and Data Science,https://www.linkedin.com/jobs/view/3818414095/?eBP=CwEAAAGQJu2iW3E4Wphc8sj-HJRhooeiJpKP7ZLncIsIqbkzDg51RT1iK3BwuKlmcewtZ8FrYWS-eHKdtbuFjXzpP9ROohogvYJio6TVY46pHRCzCq7MwqPBegcXFW8WCwMZvLGEuibxDnt_5lxr1o8SDHdwNpwM0Z7Lb7DB-7IJ2y1YqLqW82jiP1eqYHhRRV8KskoqOlkq2Vat_gYs2OF2RAp0H2vAp-GdOVJEL83osNnnqhsdjhoNmp2sZWP0iNh8FEQQH2SlifnNk5zhTK4-U_h2BHWmr8H_YhMpuk6E9iarCZ9UUN5yG5-7Xcdgw-_VD1pbfTx0NPRipBINwkQpLLUWKVL_stmMG9QVBHFyWByrHKQ7iFiabZRGu_uXk5YS-f30IZr6Z1Sgn9IFtFAMC_19CDcirP3-gMrCT3haBnpzOTvk1FDomaHJtgTtvhy90faQPYovc08dysLpz1-C&refId=Aqif0JdFfPA8BIRPZq9sdw%3D%3D&trackingId=CSQMzyHI%2B7pZfbyUg2oI1w%3D%3D&trk=flagship3_search_srp_jobs
N/A,N/A,N/A,N/A,N/A,N/A,N/A,N/A
N/A,Remote Data Scientist,Turing,Türkiye,Remote Full-time Entry level,"501-1,000 employees · IT Services and IT Consulting",Data Analysis and Data Science,https://www.linkedin.com/jobs/view/3832597553/?eBP=CwEAAAGQJu2iW_W--HBs1K9cnGqX0cE2nb4SiqJg6kt_rKE31x7Y3qfgDY8v9iOdCMWo2vAbdER6WPc4ZfbTl08id2HYpxB56VRonA6L7Qky7jq7-m77knWGBGsAs-36YgTHcvMPJB9xgcmaw3fG7cW4l1WZIyHdnwW3msTH2WyQy2taMq1xlTDLh6U94Dmx75u25oR708K5YV5mLqJ6AG9wrD_FcH6G2s1DZmvDz-2juy0QUY2wac_WuDHVqCWzLvgq9QaC-CEporDo1HJ6ZzLax2Wg-NCH9PfoN3ZE3eK70jFy-Pf0AL8LSUz0N5dHxp9IhCtlHcWE8JNmE9zHeFg3iRSIfchdsrTacB6v-MwMymjAD8AVoZt9lv5VvkgthMTJ7MMrBr1vDXHxxk484UVyf-H16SyY4OaLYfzJ0sFVhd_jSanILH3XPeRkl_M0a1KdQrlEH24tcByzxk5h3hLM&refId=Aqif0JdFfPA8BIRPZq9sdw%3D%3D&trackingId=lH6U8f%2B6O1AbeJgfBWj42Q%3D%3D&trk=flagship3_search_srp_jobs
N/A,Remote Data Scientist,Turing,Türkiye,Remote Full-time Entry level,"501-1,000 employees · IT Services and IT Consulting",Data Analysis and Data Science,https://www.linkedin.com/jobs/view/3818409795/?eBP=CwEAAAGQJu2iWywGhz-YQaW17TQ-iXEiS8AasEBXlryezJX_l-jRe9XVHdFttm9Hbjuz4pl9wnP1i1gj2aZtoeNrz4_hYdWuzzzFacP-QcgDvZCiIbebMra5ls-jXpD37f22bzKqkS5hDuw81ZLiVf_JSiRLZsm0yCv-PFpJ1WqYB8wUcBvrHLY87P48W7h257mVNtpyFLDoR9dUk3Qsq3hfuppmyMTpF5LdyouMWWUiky58FpCCy-5qfNj-ajlj5prKQGsszTsMHkyuGmWVGPJmxyb9aMRD3EMgNanud112AUmzVMawsWeCdeGLTQjL1260KTskpYtfeJ3vLA3w1Cx_IyeEjA7B2o7-EUcxUS2YcFBgdOlUkeIG0bywrT3naoah2XDQwxI1SZvS4XaQLYIPCorI_JA0oc3-3tZ20AM46nPmCxksHgiRyQk4m3uTjYCvMg-fWqGwWRfiDGFuavQq&refId=Aqif0JdFfPA8BIRPZq9sdw%3D%3D&trackingId=8MBrNoDqNdZzFvtk0VVLcA%3D%3D&trk=flagship3_search_srp_jobs
N/A,Remote Data Scientist,Turing,Türkiye,Remote Full-time Entry level,"501-1,000 employees · IT Services and IT Consulting",Data Analysis and Data Science,https://www.linkedin.com/jobs/view/3832597434/?eBP=CwEAAAGQJu2iW_QON_n5upTdHktVEO7ECuTjmg2Ie_ZVm4m31VGc_F8G8I7wv8iO5hG5AXOguHOf9uP-XU5uJoF3RJM0rouKieqm7mcLfL-bNnptqZSFkKjlf6TWNs95HRj-DpghwE0l8NSjlz1RlAqjQYA1xYpolx0tvHPZV2KRAsvzSPmwU-Abx4vgqVThYXmXj4d1YKVXCxQWrPMiU78HUKhHzup7tT3iCRT7wqFizV0T60gtXpO8IQTtB4uSo_qVUT_2ffo1gPphL2zoxP20HWIiFNLvPJ758juydzbrPg_w3NtJN-QOpKCqdwJ9Jf4Bq2Kg4JRLVtcDH2uI23gfhLj4JM301rz2IOihGEHSyvZdDoH3AjKaxY02U5fFoa9nbMxl5_pBu-iHtZjcBFAeoM_tVHN118z7dc62CKCD50hWL22BOdQoGkO-gl2MON7Kqs4qxdgQlrNjl2zLGK8r&refId=Aqif0JdFfPA8BIRPZq9sdw%3D%3D&trackingId=kdGGp6s9FCKL5SkSfERHfQ%3D%3D&trk=flagship3_search_srp_jobs
N/A,Remote Data Scientist,Turing,"İstanbul, Türkiye",Remote Full-time Entry level,"501-1,000 employees · IT Services and IT Consulting",Data Analysis and Data Science,https://www.linkedin.com/jobs/view/3818410786/?eBP=CwEAAAGQJu2iWyDLxG8ISjEOhqhi4ttval74o8ehh82wq4bNoBoDzmb8fIXsXG7aBlB83FRePv1Jip7cUTlxd3HMuaV2qdNTf3EgVoHkXJRYvG9AMZz35RYQVnhEU0b6lKCLnmQn0t5McmGwIdAl7Hk6o3gjcSuqfMYe6MCL8FbRGaYHFrI1C3xNQx7kb_ssBpD1DNKHdtBa6borKHIKTJcHPXGw5g1nWyaf2kp58qBwFnyFI7cNbnb7cQMebIToPx7BNJHUT_Y0OJ1YYOJV07XJzlvbOYPCQ1fpRoIi3nCFhvw7ahFQfWbP_ziHUF9FNHXWQ1X3VmlJfLYWCXDT8eZJ_bUuItKYKiTav_-Qxg9B1aYuzZlfCDa6WlvENyKVrqF48tIAaWtEBDS750EAwvy4oJLE1bzyVFZKZWLHAqNyzfgx54KbjgrIJaVZFloOlKGTfuqAX5it6_9NqAEmW-Zc&refId=Aqif0JdFfPA8BIRPZq9sdw%3D%3D&trackingId=WIMqJhf6vosjHQ0t7ROV1g%3D%3D&trk=flagship3_search_srp_jobs
N/A,Remote Data Scientist,Turing,"İstanbul, Türkiye",Remote Full-time Entry level,"501-1,000 employees · IT Services and IT Consulting",Data Analysis and Data Science,https://www.linkedin.com/jobs/view/3818409753/?eBP=CwEAAAGQJu2iW6vUqfwAHtEWV8qyH0vIWUUjjdKMzgTG2OuNVaj4JJHfjUP9T2i4MPETB7pqcSLzTubwqWZSSZQa72F2z0TBvs8Q7qCkmzb26-NgwhUV3ikDJc9YWH3frJWcgelLyNyYPpQxupP4OWIQyjDJciwVap50LMtymFIPwGUAA-9bdofFTO31C8unWJMbxEwM4iSULcs81XSqNi74AnxYOGzB9ULGlIUOQD4Zb9TzsfL9jBEj1IyBWCAe2KOmXiasrxVXCsy_ozxeL4m4RWwY6i0gMS64N0WAVlxRiEpHMmToXDz4hxDzsj-USE3MxZ2aIiQtKRC8DHI3vNLG6TJW5ZFboBFBI3cJMaFRF2yuU1p9bCGzq3O4JbWieuk5ZIcFEQ9GRV308Djh52UC7jWrEvY0FxWQT4aFKPntzWbVf5WKP6gLqj13lBcY-ob3JZ5ywcB-Wm087mhRvWDC&refId=Aqif0JdFfPA8BIRPZq9sdw%3D%3D&trackingId=TVsJXh4qJl2MGt5sE0gWTQ%3D%3D&trk=flagship3_search_srp_jobs
N/A,Remote Data Scientist,Turing,"İstanbul, Türkiye",Remote Full-time Entry level,"501-1,000 employees · IT Services and IT Consulting",Data Analysis and Data Science,https://www.linkedin.com/jobs/view/3832804027/?eBP=CwEAAAGQJu2iW0kiPF7zE8-FZZXmF_VXuLa_Eu9NqqPdL8c6bqvdnzKvl2bj7dEdu4iY7DSiQFnIxbueMhmKhpD3L7GGb48zh3nYN7VYTloAeIpeqgVNYuFrpmF95ZwhzPk9QW-zIDD_OtpBij4ci2JtXxmmgfcDweNidzi9DLR15E6XHt1nKgpW2hN44Krytfm024lMArFzwtw1eRT-X9Ih8haH1sQ8qzdEdWqfXfF6KJ0T7eF59RLnneocpic9-yIVa60cjkmGfnq6mK2-wMGI1rokfDzfv1enOSzem4eWHExg7Aa51F4cYvKq2UjncviBZXZTUFj9qAGe4_S6vGecoRQn9JoMjfL66stjf2OfB3xHB1PCWh-Apn-1A_dmghLrI7djWxNt3ZU65Y6BgyaLnUA0hDhX-2wan0rxQYMF2Q0Sk7vOP8wepWvcdniy7Tr2PQMb7zayjSfzXZqJdlyl&refId=Aqif0JdFfPA8BIRPZq9sdw%3D%3D&trackingId=h5hJxRyJyD4nhGi%2FU%2B8JQg%3D%3D&trk=flagship3_search_srp_jobs
N/A,Remote Data Scientist,Turing,"İstanbul, Türkiye",Remote Full-time Entry level,"501-1,000 employees · IT Services and IT Consulting",Data Analysis and Data Science,https://www.linkedin.com/jobs/view/3818410778/?eBP=CwEAAAGQJu2iW2DbvTxo074Ri-wms_cwdjI8arSVwN5QzIbjbXYBVIdvCyqxhThUwajuf6F1ArOqBVOPVPXf8PDOgQkYkTwlAfcK8mveiyGeS1nmYuHU4ct5xQkxauJnQImW9_RcdtGVf4Xr_qS9_6LGv8cNTSY-Rls8s2Fc38-93o3OwsMS8DaEqNYLzg4tPmU5MM9TCHL2KS7fC96gQAuWS-rvhJG7n7lslL4Ilzi18FsCJhDRpWdoBJ8Edp1LdMbirXcI69PmZByZYKNV8xj35I4B14QHyxnOjsGCZJjM5FWGR5UPH5vZ6gHlfibjh9xcRzQ9o82dDXVE40iiShETmrwOUniuAPXl_8cYOXTTxhTu8yxLdTCKK4350Y1VBSCMXOm1s7qLm-3mvwWvvDGtRj_3sgyWZclRwy2cgxJfQ1HzXK78ZxR7kESzi7wPIPeQ7qzwxN9vLDEG3cJ5X5qm&refId=Aqif0JdFfPA8BIRPZq9sdw%3D%3D&trackingId=C%2B48TsGHl2bhfasBIZAR8w%3D%3D&trk=flagship3_search_srp_jobs
N/A,Remote Data Scientist,Turing,"İstanbul, Türkiye",Remote Full-time Entry level,"501-1,000 employees · IT Services and IT Consulting",Data Analysis and Data Science,https://www.linkedin.com/jobs/view/3832802199/?eBP=CwEAAAGQJu2iWxNxq09hQV8fZ_6n7ddFaXIlzroI_erpbe8xkZRYb9gS2ILC2kDycMZ5XHQIR8X1NKWUpvKRFJS6W2aRl2PrNGSgbCUma2-RgL0NnzC6rBwhQXEGEWpHLRs99oC-MHe_xAdvSMuBuadwQOCjhorNYfroAO_pkQqC-cUogww3HhayI6mVekO4JZQsHg_8QeYZPBtSyzF7UsTah1iIU8p1KhxLWbti6NE9RLTJB0DW5jWoY7xPp8BMSbA7fu83wknQmGJ7Mpqkakp5tQct626yg8o0jW_H7pixG850stR7BvoWy7NjXFluO78gBKH93foazMKKC_hPeNeCVdfphZEh9gbQo3GVmCszich0NUUud-yrVoVvp2Gs4olOy5kwo2GQXF1PXxXnxwABCpDd78M5eKHxYsUYRlpKwzDP87xARWhYvULxDBXY94sD0fVoS7ajho6yCkIA7Or-&refId=Aqif0JdFfPA8BIRPZq9sdw%3D%3D&trackingId=HTrcR8u%2BshNWP7Jyvwk85g%3D%3D&trk=flagship3_search_srp_jobs
N/A,Remote Python Data Scientist,Turing,Türkiye,Remote Full-time Entry level,"501-1,000 employees · IT Services and IT Consulting","Coding Experience, Computer Science, Data Science, English, Predictive Analytics, Problem Solving, Python (Programming Language), SQL, Statistical Data Analysis, and Thinking Skills",https://www.linkedin.com/jobs/view/3818414130/?eBP=CwEAAAGQJu2iW4jwTx3hrofqualftq0HzU20BQRfyZxbt1UHfvgeD4jcW4S27LR5KDFzFSEDLL83mu81-shiY4bO7_bfwxnJVEcRCvEJvZkEaSgqmgPji4_YhCa7xHAo1_OldL0pUdS_fWH4f5Is13dI2OC-_nT5SexHMGrpwGvwRj9Yuqy2-24Rnc8Az6KPtlPfolCmYeECLF9PAexsgxNgdsGDSZPSqCNXMPRh5kUD4Pw_kyw64-ozityxSd_HuuwM-OngaBUoQq11FLDdQaWjRl8dhZys7Yb1PsKT1vYRBflTO9XLAdOFsm-etruBMoKe826Lt2qZ2lgP_zZYBI-F9tO8wt2EaDzh8UV891wZSwwXpydf4NO1s8z-0AAseQ8C6wU-Rjgnm5YAbDhgLhE_N85e9IBmD_EVICH1CJ5VOCBGfzPFmVpFtFMlFvY-jaiKNzXLS9q9kb8nQOUv7xrI&refId=Aqif0JdFfPA8BIRPZq9sdw%3D%3D&trackingId=uZTBipjHrMoZO7YbFTEc4g%3D%3D&trk=flagship3_search_srp_jobs
N/A,Remote Data Scientist,Turing,"İstanbul, Türkiye",Remote Full-time Entry level,"501-1,000 employees · IT Services and IT Consulting",Data Analysis and Data Science,https://www.linkedin.com/jobs/view/3818414108/?eBP=CwEAAAGQJu2iWzUq-NTfXG-wWTRwenLN5tZtsCpJ-qNqX0kJicqE89hnpH_25X9LKdHxF5M_mEzeMkdNzVU8mNs9FTHBmqdcVqs2arz4P7vIH-gwgBz4xZ56RCpB7Gwl4x60ZAfR61O9jg6cojxUWcrIc4H3NeiznvWsNJXlf4zksctDFsbkz9IyYEIbsqvVBZ8_4DeL8ZgnzV-T41lgps4JsBTxcN78vZgf-IoLe9anFVsoGOoyL_YywIjQhzsFFF354aPwNDdPrAP9fR6D3PgBKxZlqLrLX6dJxA8eyy3fgNfSopbMDBruKT9o8UYk-8tVLXotYjCTlM43a-z90hobP5PEb4xTWR5aEqpJ9k60K4w3gVn1O7idm2BIer4jRxPgE8SzRQ9v16U2s6iaPwdEAuKgWCoEc0FgPSk_HGpWzNmRn_WaDYSAElwr6wX2klsYoZ1WaY4iS1a4ey3H7wG2&refId=Aqif0JdFfPA8BIRPZq9sdw%3D%3D&trackingId=H%2Bufia7oQYT0qAwD3X2PTA%3D%3D&trk=flagship3_search_srp_jobs
N/A,Remote Data Scientist,Turing,"İstanbul, Türkiye",Remote Full-time Entry level,"501-1,000 employees · IT Services and IT Consulting",Data Analysis and Data Science,https://www.linkedin.com/jobs/view/3941962815/?eBP=CwEAAAGQJu2iXCTf7CQ9bwphWNUGZuLMNgQna-RzcHZS7afH7gzFw588zFbo3IzkHDl9sPK3ZrN9mgKK3ZOE-hBHYN6b2EbCR_wZilDwyURmeTcbkuBYQXRgNlZM4Il1Imu5zKuE7LZyFDnnhzrWejFfqH4AqIhWLm72jlDhCQ48o89krKACDMkNKkoSg4NwKBGaiQYWT_4MLBscm5Lz6kiY_Hya185sGNWP4rk7IieX9u0epd360nKukymXU8liPwbV9gnlFjBC9-PsRihdIrwxzh_5fFPpAO3DWI3CmM36WIR91ApdnsoSFA8ECu0IjSvFIrmH68FleMayz5fcAxc-BLkM4jxWTwapksb6ALCklonyIZz8Xg6ml4fbDOSaATR4PJIvWIHHISqwhmLmNDxcV0Kz1BObatkSOTIx24Qge-cmZ31M1ladmTwsUcUnScUW1eUh1h_TewzvWH3DzQ&refId=Aqif0JdFfPA8BIRPZq9sdw%3D%3D&trackingId=lvh6FDrlFASVmwYgc4WBng%3D%3D&trk=flagship3_search_srp_jobs
N/A,Remote Data Scientist - Python,Turing,Türkiye,Remote Full-time Entry level,"501-1,000 employees · IT Services and IT Consulting",Data Analytics and Data Science,https://www.linkedin.com/jobs/view/3871192336/?eBP=CwEAAAGQJu2iXFW9rr3eppd5Pi_VXhQJ3X_WwoJ7JexGQfx4SMBSsnFrptSHbfDx2h91cK3GWpfA36gwY0x0Mw8HEFUlM-RteqEwYN_W2mtzo1F3-tBhzEfqK50MhaP8BsIlrIw_J7wxV1_AsM3QqigYe5pAkL9FAfQx04Aldx7ECZMWdCi_9Nj-XqQHQt1MduFiuBofAf7CErhSJQZcAMiuHaahq96aojdIenLjuOuWvL_7NgVjAm5UrS3p0pP4mNG_WBSJ7H1dQKye13BVnPp7Zn_4I1DGcgDoeKM6ZAs813fOT8-PhdM9AKl2AwewPLPC2-S_6WEYu0A3ssh2blgQxiz9bOVt3NqQwVtGy3t1Pdq-ITes19XeTh8VZFx2pll3qAf6gimEwsA7Px1XR61QX-j2G5kZHlfL5mCJG5Ac-kzCMCfIPTuW9iraDAanjoyFT-eoof_XUCDZlmnp5w&refId=Aqif0JdFfPA8BIRPZq9sdw%3D%3D&trackingId=Pio85LttYKmvNs5%2BKjx8YA%3D%3D&trk=flagship3_search_srp_jobs
